Timestamp,Processed_Voltage
0.013047456741333,-1.5509040566591354
0.0148618221282958,-0.7210451116101496
0.0173642635345459,0.13336502225095223
0.0251696109771728,0.8849364722939728
0.0329833030700683,1.3309551786835796
0.0407948493957519,1.394067350860224
0.0486083030700683,1.2081299798567333
0.0564081668853759,1.0115946512649427
0.0642383098602294,0.9469003003492085
0.0720558166503906,0.9522635146011981
0.0798656940460205,0.8784254177124511
0.0876772403717041,0.7216856155359703
0.0954887866973877,0.6772226119490479
0.1033003330230712,0.9014589644129224
0.111116886138916,1.2710369146135923
0.1189260482788086,1.4799967713711772
0.126739501953125,1.3851197505375294
0.1345479488372802,1.1657568719796618
0.1423628330230713,1.094893987061727
0.1501786708831787,1.221440973441916
0.1579885482788086,1.3605563295241638
0.1658041477203369,1.365088102961383
0.1736104488372802,1.3011727190248752
0.1814255714416504,1.32387918392663
0.1892402172088623,1.459582105674545
0.1970529556274414,1.5829677492838732
0.2048628330230713,1.5764916397627846
0.2126750946044922,1.4454907865095297
0.2204868793487548,1.2829867485704587
0.2283031940460205,1.1792688816239323
0.2361106872558593,1.1739644288475837
0.2439260482788086,1.242682940103868
0.2517380714416504,1.3065674272071417
0.2595515251159668,1.2966709771836924
0.2673649787902832,1.23803205865805
0.2751743793487549,1.2302153741095123
0.2829878330230713,1.3024187665677562
0.2907986640930176,1.33300292619673
0.2986114025115967,1.194047447437918
0.3064281940460205,0.962334176974679
0.3142375946044922,0.8828405895823828
0.3220503330230713,1.0757013269859927
0.3298625946044922,1.3581991818431658
0.3376834392547607,1.43989455786777
0.3454856872558594,1.2561405314041874
0.3532977104187011,1.0214928355925135
0.3611118793487549,0.9599583140221729
0.3692622184753418,1.0675265080077005
0.3768684864044189,1.163575999537527
0.3845629692077636,1.1000044666358983
0.3923680782318115,0.8727062872640424
0.4001781940460205,0.5894689076933627
0.4079878330230713,0.40027694392692303
0.4158017635345459,0.4227607229841717
0.4236104488372803,0.641318848385663
0.4314870834350586,0.8674178577124522
0.439246654510498,0.8792255275357725
0.4470517635345459,0.648810414507477
0.4548623561859131,0.3938254197407883
0.4626739025115967,0.3592785711769993
0.4704885482788086,0.5656082701513246
0.4783008098602295,0.8063923247864732
0.4861140251159668,0.8751132348886818
0.4939243793487549,0.7532319559322497
0.5017380714416504,0.5862476926849864
0.5095584392547607,0.5273130532232955
0.5173637866973877,0.6160372401176807
0.5251748561859131,0.7595658384017151
0.5329868793487549,0.8003947432852937
0.5408005714416504,0.644254253017245
0.5486114025115967,0.37346460899091494
0.5564277172088623,0.21322730689281572
0.5642359256744385,0.32280905790531605
0.5720508098602295,0.6170646875607161
0.5798642635345459,0.8494406227366122
0.5876967906951904,0.8775862200081913
0.5956244468688965,0.7790258287463854
0.6034126281738281,0.6765596804600118
0.6112174987792969,0.5442084175959245
0.619035005569458,0.29565176312772773
0.6268465518951416,0.02378044950203156
0.6346554756164551,-0.0033634563858458946
0.642467737197876,0.3453586116631834
0.6502788066864014,0.8461272536674125
0.6580982208251953,1.1115811771021313
0.6659080982208252,0.976660028591381
0.6737203598022461,0.6302890091165163
0.681523323059082,0.3860198782147419
0.6893510818481445,0.3953567524136681
0.6972153186798096,0.5863354041576659
0.7050137519836426,0.7957942618928323
0.712834358215332,0.9054667935806018
0.7206335067749023,0.8937033350573933
0.7284481525421143,0.8278435366210775
0.7362594604492188,0.8080334532060185
0.744063138961792,0.8646101879417036
0.7518932819366455,0.9023926062763541
0.7597043514251709,0.7992956334980957
0.7675058841705322,0.5768441338931384
0.7753696441650391,0.41195725385578247
0.7831363677978516,0.4323886210362853
0.7909567356109619,0.5481770406283827
0.7987759113311768,0.5584103261355273
0.8065805435180664,0.4058205933962475
0.8143839836120605,0.2426740329833634
0.822197675704956,0.22748447483220655
0.8300161361694336,0.3350944294059131
0.8378422260284424,0.4219328353001698
0.8456370830535889,0.42318603249221276
0.8534471988677979,0.40593219852002044
0.8612592220306396,0.4434132857657131
0.8690750598907471,0.5170942264857241
0.8768837451934814,0.5602549268523976
0.8846943378448486,0.5304746987833416
0.8925089836120605,0.40654663506792865
0.9003617763519287,0.17845095995679888
0.9081358909606934,-0.09857739907646278
0.9159533977508544,-0.280997341414045
0.923757791519165,-0.25178492248158646
0.9315617084503174,-0.06591594724865121
0.9393856525421144,0.08018299324037825
0.9472038745880128,0.051038237567527116
0.9550049304962158,-0.09132568657637927
0.962822437286377,-0.17746646322342033
0.9706292152404784,-0.12490938468717293
0.9784398078918456,-0.00737769109486771
0.986253261566162,0.04878555799085906
0.994070529937744,-0.0031525342500714677
1.0018870830535889,-0.09603963845205556
1.009702444076538,-0.11247580232627413
1.0175158977508545,0.012008158083312015
1.025363206863403,0.20756977739051968
1.033139944076538,0.2939355517637739
1.040947198867798,0.14423220034154097
1.0487608909606934,-0.15028232590863627
1.056572437286377,-0.3333496463750904
1.0643870830535889,-0.25379132216799716
1.0721991062164309,-0.04794375874734783
1.0800142288208008,0.015740700770885265
1.0878243446350098,-0.13659574836711003
1.09563946723938,-0.29307757294905573
1.103447675704956,-0.2214997887019113
1.1112675666809082,0.04519242470468359
1.1190812587738037,0.259513569803802
1.126880407333374,0.2617571212007336
1.134699821472168,0.14669258321564918
1.1425094604492188,0.11727903007376037
1.15032958984375,0.24812742460009948
1.158132791519165,0.44428034961196217
1.165954351425171,0.5873642899998605
1.1737582683563232,0.6517645196657428
1.181565284729004,0.6801063926897244
1.1893928050994873,0.7035177794637106
1.1972033977508545,0.7087918692810646
1.2050142288208008,0.6499013153254405
1.212822437286377,0.4790531100341137
1.2206370830535889,0.20822481106455284
1.2284495830535889,-0.040475336909803136
1.2362618446350098,-0.1014320087950008
1.2440717220306396,0.061018462785135834
1.2518928050994873,0.2780313697145362
1.25970196723938,0.34340440657764004
1.267514705657959,0.2445327795647416
1.275360345840454,0.1536938854878528
1.2831342220306396,0.17945376304501906
1.2909457683563232,0.21566035848057807
1.298762321472168,0.10037403057295476
1.3065786361694336,-0.1388901057086504
1.314382791519165,-0.2974714676147429
1.322197675704956,-0.23964373223144972
1.330009698867798,-0.038884980801779205
1.337848663330078,0.1458292934757055
1.3456404209136963,0.24046282039902367
1.3534526824951172,0.2495266306659925
1.3612632751464844,0.16185650868132556
1.3693435192108154,-0.03297001412379058
1.3770806789398191,-0.2549353571431454
1.3847074508666992,-0.3676051285532117
1.3925156593322754,-0.3352714623342394
1.400322437286377,-0.27199659085867944
1.4081380367279053,-0.28567708007014697
1.4159493446350098,-0.33274762824138016
1.4237611293792725,-0.29875253853227035
1.431652545928955,-0.18599741093254063
1.439391851425171,-0.1318509859383821
1.4471962451934814,-0.23463290098302855
1.4550063610076904,-0.4288480986138547
1.4628264904022217,-0.5587201507599313
1.470637321472168,-0.5333002489441678
1.4784553050994873,-0.3875819407794046
1.486262559890747,-0.23301567963892947
1.494055986404419,-0.17944143668381665
1.50189208984375,-0.2676662884985991
1.5097062587738037,-0.42740443975857806
1.5175163745880127,-0.5167167659664561
1.525369644165039,-0.45814322284492526
1.5331358909606934,-0.3360161005706472
1.5409505367279053,-0.30368638520918245
1.5487699508666992,-0.3850055036993728
1.5565719604492188,-0.43661743982036527
1.5643949508666992,-0.35121020441596174
1.5721967220306396,-0.23174972579014536
1.580050706863403,-0.27120247191799496
1.5878238677978516,-0.48088033686266934
1.5956425666809082,-0.6471741000696707
1.6034481525421145,-0.5941613326992293
1.6112635135650637,-0.400098125961048
1.6190755367279053,-0.27614302073722163
1.626889944076538,-0.28448753740833466
1.6346983909606934,-0.2822921322744988
1.6425156593322754,-0.1480963881892457
1.6503231525421145,0.03843516993755661
1.6581392288208008,0.10165847551560964
1.66595458984375,-0.00552742548102065
1.6737582683563232,-0.15506512873069364
1.6815669536590576,-0.19740687489612038
1.6893882751464844,-0.09696670490800491
1.697202205657959,0.07321252988597333
1.7050104141235352,0.19909720808202683
1.7128281593322754,0.18190625738297633
1.7206389904022217,0.0062942719678828534
1.728445291519165,-0.2088457556783144
1.7362680435180664,-0.290051438742544
1.744072198867798,-0.19916992736484698
1.75189208984375,-0.10090982564026567
1.7597031593322754,-0.16898937687115403
1.7675118446350098,-0.3508536893604359
1.775363206863403,-0.41587416471033933
1.7831287384033203,-0.25145770803376294
1.790950059890747,-0.024260737812206144
1.7987701892852783,0.005485791867790704
1.8065743446350095,-0.2306557384042282
1.8143835067749023,-0.5711952377936604
1.8222153186798096,-0.8217437494765336
1.8300938606262207,-0.9074793334775128
1.8378257751464844,-0.8581042662030745
1.84564208984375,-0.7528101232601706
1.8534493446350095,-0.7071025364300227
1.861259937286377,-0.8145601577546872
1.86907958984375,-1.0231789401382287
1.8768858909606931,-1.121597837111964
1.8846986293792725,-0.9431919929353231
1.892496109008789,-0.5770004152284112
1.900327205657959,-0.2923396253335156
1.9081449508666992,-0.23803543447450534
1.915952444076538,-0.29359858778855197
1.923764705657959,-0.26026267595495595
1.9315593242645264,-0.12354893718227232
1.939392566680908,-0.03401498363948237
1.9472029209136963,-0.05924246831699712
1.9577338695526123,-0.07218566721576936
1.9628186225891116,0.07062512198547664
1.970625877380371,0.31518955214927863
1.9784326553344729,0.442907428032178
1.986257791519165,0.28753055743158523
1.9940741062164309,-0.12501615615525727
2.0018410682678223,-0.6108176189091857
2.0096704959869385,-0.9383102260443107
2.017475843429565,-0.9481847472857137
2.0253143310546875,-0.6749552850194084
2.0330941677093506,-0.3689957244060578
2.040907621383667,-0.30897712520585224
2.0487165451049805,-0.5362470820579253
2.0565345287323,-0.811765693402943
2.0643444061279297,-0.8732317481995782
2.072157382965088,-0.697899173886786
2.0799710750579834,-0.46649888347844276
2.087782621383667,-0.3095911350590906
2.0955989360809326,-0.180011285352833
2.103454351425171,0.008031406143983304
2.111268758773804,0.20319557851856335
2.1190903186798096,0.2588993509816289
2.1268866062164307,0.12078642493892305
2.134696245193481,-0.10012478579244727
2.1425249576568604,-0.2444017936704802
2.1503264904022217,-0.24583963958470514
2.1581406593322754,-0.15677847575871917
2.165966749191284,-0.08839728888305835
2.1737582683563232,-0.14062095696159307
2.181565999984741,-0.33335457402178637
2.1893911361694336,-0.5655749768753229
2.19720196723938,-0.6807587383129544
2.205007314682007,-0.6255026917286461
2.212825059890747,-0.5199323654730021
2.22063422203064,-0.5119131304553486
2.2284553050994877,-0.5754585202680249
2.236260175704956,-0.5322961158083908
2.2440736293792725,-0.29606235585533763
2.2518889904022217,-0.015169875925444998
2.2597014904022217,0.09406258811874549
2.267514944076538,0.0058293466883329766
2.2753679752349854,-0.10924352401207657
2.283143281936645,-0.11833675364602748
2.290950059890747,-0.07055070294550109
2.298768281936645,-0.0831894329361035
2.3065781593322754,-0.17115598422252057
2.314387559890747,-0.2513889859013321
2.3222005367279053,-0.2637147376382261
2.330012798309326,-0.2168781738955565
2.337829351425171,-0.15000247461363153
2.3456504344940186,-0.13097224882569009
2.353456258773804,-0.26712429140354366
2.3612639904022217,-0.59840509538087
2.369348287582397,-0.9494459754069516
2.377089500427246,-1.0032302224250416
2.3847153186798096,-0.6230609094458573
2.3925139904022217,-0.05865639724249541
2.4003283977508545,0.26532841359830744
2.4081380367279053,0.17199604164039556
2.415952444076538,-0.11868188504540128
2.4237422943115234,-0.2698351216951095
2.4316086769104004,-0.184757890683231
2.4393985271453857,-0.04214971464387227
2.447204828262329,-0.03545513927724034
2.455009698867798,-0.1624677632912667
2.462825298309326,-0.27230142903539833
2.4706451892852783,-0.24603844119575963
2.4784514904022217,-0.0954476819246195
2.486264705657959,0.06953412854567066
2.494072675704956,0.1268813317063308
2.501892566680908,0.02500375703702454
2.5097055435180664,-0.1710112781843819
2.517529964447021,-0.3232674555220846
2.5253710746765137,-0.3525770505492736
2.53313422203064,-0.3198958579302835
2.540952444076538,-0.3316536615177009
2.548766851425171,-0.373443063421329
2.5565803050994877,-0.31678502276779424
2.5643866062164307,-0.12834651140472886
2.5722036361694336,0.010226386668657552
2.580014944076538,-0.10715760558431206
2.587830781936645,-0.4249892351909345
2.59563946723938,-0.6400851801265657
2.6034553050994877,-0.533248190340972
2.611259698867798,-0.2083197396288216
2.619081974029541,0.04806316333630057
2.6268906593322754,0.08120146461090695
2.634697675704956,-0.021510424056375935
2.642515182495117,-0.08666529164789
2.6503233909606934,-0.03191205092422821
2.658141613006592,0.10383922935505972
2.665949821472168,0.21561542962131278
2.6737630367279053,0.19197182515161806
2.6815736293792725,-0.0031948274196453913
2.689389705657959,-0.25705734139981035
2.697201728820801,-0.3678136516403256
2.7050116062164307,-0.2420086483928918
2.712829351425171,-0.007614290559763341
2.7206361293792725,0.12603646415910802
2.7284514904022217,0.10085161436541044
2.736268997192383,0.03689582521889562
2.744077444076538,0.033087596639972815
2.751887559890747,0.029651933603164773
2.7597053050994877,-0.08306715932943184
2.7675089836120605,-0.2843209330377143
2.775376319885254,-0.4312930760790722
2.7831385135650635,-0.4255834535511256
2.790955781936645,-0.2974062492385207
2.798781633377075,-0.13224982268431498
2.806577444076538,0.00036687497100552745
2.814398288726806,0.03113764809299787
2.822195291519165,-0.09475089006247359
2.8300178050994877,-0.3179655823655115
2.83782958984375,-0.4466109235833866
2.8456406593322754,-0.34041233904098933
2.853449821472168,-0.10029019558781024
2.861276149749756,0.022034043443571294
2.8690805435180664,-0.07548188771283305
2.8768882751464844,-0.21879109909016878
2.884701728820801,-0.182741769283376
2.892510414123535,0.02667335295070589
2.90032958984375,0.20308052468450277
2.9081339836120605,0.223208563636169
2.915958881378174,0.19250165038475633
2.923762083053589,0.27357000149630156
2.931565523147583,0.44779934723790066
2.939391851425171,0.520304657186558
2.9472110271453857,0.3386887530014751
2.955012083053589,-0.044188114919379226
2.9628286361694336,-0.41237752010267814
2.9706411361694336,-0.5539870178388332
2.97845196723938,-0.4123891122913845
2.9862654209136963,-0.13548673994745747
2.9940736293792725,0.023184741277018864
3.0018908977508545,-0.082316257782641
3.009706735610962,-0.3407334179541039
3.0175013542175293,-0.48593016324209365
3.0253498554229736,-0.386389682443184
3.033140182495117,-0.1953496080684202
3.040950298309326,-0.15777458810104167
3.0487685203552246,-0.2991809607040634
3.056573867797852,-0.39472791349533254
3.064389228820801,-0.2631502654107524
3.072202444076538,-0.00045965447379321206
3.080011367797852,0.14676736657180503
3.087827682495117,0.0833721946116132
3.0956368446350098,-0.05119422850056331
3.103452205657959,-0.0863715735893748
3.111264228820801,-0.010265902420690486
3.119077444076538,0.07225386778235267
3.1268913745880127,0.08697356546829388
3.1346986293792725,0.031097902190323476
3.1425139904022217,-0.08069336549400394
3.150330066680908,-0.22465470615622282
3.158154964447021,-0.33164058493514936
3.1659536361694336,-0.32765723358820037
3.173762083053589,-0.2415899374136381
3.181565761566162,-0.21337462734520013
3.189387798309326,-0.34460785081801004
3.1971993446350098,-0.5649348480568445
3.2050204277038574,-0.689575546428472
3.212823867797852,-0.599361991891395
3.2206385135650635,-0.3326859924743218
3.228450059890747,-0.02002889834052308
3.2362632751464844,0.2195746853533276
3.244073867797852,0.3175035339207584
3.251885414123535,0.2619413715152039
3.25970458984375,0.11407903825301408
3.267512083053589,-0.02030995922602157
3.275359630584717,-0.08783978783964527
3.283133745193481,-0.13509633549789934
3.290947675704956,-0.21386112841430088
3.298779010772705,-0.26963042956207245
3.3065760135650635,-0.2022185194219254
3.314382553100586,-0.03298744214241457
3.322197914123535,0.08219725820377619
3.330014228820801,0.04898455445760394
3.337822675704956,-0.031186608108702333
3.345637083053589,0.0010473268724251225
3.353447437286377,0.13460954172068476
3.361261367797852,0.19637095695971057
3.369344711303711,0.0894434089186413
3.3770885467529297,-0.07144281418535374
3.3847193717956543,-0.10820355572635394
3.392521619796753,0.003595137046966549
3.4003236293792725,0.13626875920745232
3.4081413745880127,0.19495687116324983
3.41595196723938,0.21718227336935692
3.423758745193481,0.2769795181881849
3.431561231613159,0.3648501251116886
3.4393975734710693,0.4128930204869672
3.4472076892852783,0.3965044531328421
3.455009937286377,0.3548029562211676
3.462822914123535,0.32842824702587814
3.470637321472168,0.3253966251206364
3.478454351425171,0.33520997964861604
3.486269950866699,0.32410492931677
3.494075298309326,0.2286853641008011
3.5019004344940186,0.028452299235150996
3.509706497192383,-0.16312338215385017
3.5175211429595947,-0.16752069567201494
3.5253822803497314,0.03683666888311609
3.533122301101685,0.22480623833361474
3.5409560203552246,0.15176914988787218
3.5487754344940186,-0.14800403236354537
3.5565757751464844,-0.38472343389647407
3.564391851425171,-0.3503997608272406
3.572200298309326,-0.14635623313091817
3.58001708984375,-0.028739089067677526
3.587827444076538,-0.10199925156286312
3.595644474029541,-0.24522828559054188
3.603452682495117,-0.3028269237934044
3.61126708984375,-0.2495403644190954
3.619077682495117,-0.15806828731029166
3.626889944076538,-0.09354141352592636
3.634698390960693,-0.08556468261937338
3.642512798309326,-0.14249147237445886
3.650330066680908,-0.23367154886375086
3.65813946723938,-0.2952017292144705
3.6659586429595943,-0.31817563547487077
3.6737594604492183,-0.40552356663583283
3.6815743446350098,-0.6579949103307925
3.68938946723938,-0.9941131410128884
3.697199821472168,-1.1607944933377459
3.70501446723938,-0.9725510470247778
3.712825298309326,-0.5103215207257096
3.720639228820801,-0.05509430311882176
3.728450775146485,0.14751000749806423
3.7362682819366455,0.04637808988825776
3.744074583053589,-0.2266582147924283
3.7518908977508554,-0.4635123302693052
3.759700298309326,-0.5032018743602499
3.76751971244812,-0.33615687826718643
3.775370836257935,-0.1193091763893594
3.783136367797852,-0.04005795325225809
3.7909469604492183,-0.12420681272652606
3.798760652542114,-0.20749320489410691
3.806579828262329,-0.14064853140461858
3.81438422203064,0.008553233509312272
3.822205066680908,0.02984916832269842
3.8300156593322754,-0.15343198106854766
3.837831258773804,-0.36265162985226657
3.84563946723938,-0.36264436607308864
3.853450775146485,-0.12851146280669629
3.8612568378448486,0.15096849177129845
3.869081974029541,0.30893003410436337
3.8768935203552246,0.35901346490459735
3.884700298309326,0.4053971190181551
3.8925156593322754,0.4748500900756177
3.900325775146485,0.5029845664302293
3.9105145931243896,0.44870857523651997
3.9159655570983887,0.3488221061900685
3.923771858215332,0.26097801266189374
3.9315667152404794,0.2085978394564808
3.93939208984375,0.19045124205134936
3.9472014904022217,0.1958595763696406
3.955010890960693,0.19671021741381411
3.962821483612061,0.17224309469000487
3.970635890960693,0.16319725696177276
3.978588104248047,0.24408565432757762
3.9862682819366455,0.38954964201299036
3.994074821472168,0.4225929156582067
4.0018486976623535,0.19543020927820223
4.009668111801148,-0.1820127269887805
4.017470836639404,-0.39806261047901437
4.025327444076538,-0.2723306037650902
4.033093929290772,0.037172253633224094
4.0409095287323,0.22199193978909532
4.0487213134765625,0.16468420669370834
4.056535959243774,0.012887481487071915
4.064346790313721,-0.05530776599549633
4.072155475616455,-0.03071618842606574
4.079974412918091,-0.011412422231686932
4.087782382965088,-0.04119765502065197
4.095599174499512,-0.09082878951904805
4.103456020355225,-0.15154010553801062
4.111265182495117,-0.2498445845392068
4.119076251983643,-0.3653163302171892
4.126892328262329,-0.4160238032080126
4.134699821472168,-0.3606733760665465
4.142512083053589,-0.2606945838609832
4.150327682495117,-0.20062889631663786
4.1581337451934814,-0.1890912194135704
4.16595721244812,-0.18963420886109675
4.173758268356323,-0.21486146229226993
4.181573152542114,-0.31326728062129006
4.189386606216431,-0.4610272994959743
4.197204828262329,-0.5388657373456341
4.205014228820801,-0.45334050283817734
4.212829351425171,-0.2444193235319049
4.220638275146484,-0.045825307638759645
4.228453636169434,0.027947647025479413
4.236263275146484,-0.06255729748186092
4.244072198867798,-0.2836126283185335
4.251891851425171,-0.533550095613272
4.259705066680908,-0.6815216810537776
4.267521142959595,-0.6740290206904285
4.275371551513672,-0.6009971550509914
4.283141851425171,-0.5890655058046731
4.290952920913696,-0.6169026631604337
4.298786401748657,-0.5142583270153873
4.306585073471069,-0.1978768126885116
4.314384460449219,0.1584843051017917
4.322205543518066,0.28779996790003315
4.330013275146484,0.14786262226812744
4.337815523147583,-0.022304838749263752
4.345630168914795,0.01012716752127357
4.353444576263428,0.21143307178458295
4.3612565994262695,0.36767875935421795
4.3693389892578125,0.3697435972726099
4.377075672149658,0.31748354387038674
4.384711027145386,0.34529084984466957
4.392510414123535,0.43524265526862105
4.400323152542114,0.45111459444363416
4.408138275146484,0.3116275272610526
4.415947198867798,0.08425664339485438
4.423760652542114,-0.06741147937517189
4.4315996170043945,-0.0016488868353685833
4.439571857452393,0.28581986409810856
4.447415351867676,0.5995155213534334
4.4550416469573975,0.6388592277121763
4.462837219238281,0.26566154749856036
4.470637321472168,-0.29875088475449235
4.478454113006592,-0.631721071553997
4.486266851425171,-0.5241311298427593
4.494071960449219,-0.1895468627535887
4.501880407333374,-0.007906189549887041
4.509716033935547,-0.11026876519311282
4.517520427703857,-0.294840810336541
4.525372505187988,-0.32606189996198326
4.533151388168335,-0.20328319986925256
4.540954828262329,-0.09186305461526988
4.548750638961792,-0.08366661752225782
4.556584596633911,-0.12501114763141546
4.564387321472168,-0.1496932273685282
4.572211027145386,-0.17604856113813028
4.58002233505249,-0.2448339555565686
4.587826251983643,-0.33942329010002087
4.59564208984375,-0.4189412369574473
4.603450775146484,-0.4795775592959258
4.6112706661224365,-0.5239558101831703
4.619077920913696,-0.5050704838706692
4.626893520355225,-0.37809120726300816
4.63469934463501,-0.2044970253284889
4.642516851425171,-0.12941498803172793
4.650329351425171,-0.22673295482626457
4.658130407333374,-0.41235398406159846
4.665989637374878,-0.5411569867651869
4.67376184463501,-0.5554028478201087
4.681570291519165,-0.5057540991249365
4.689393997192383,-0.4603116359661672
4.697207689285278,-0.44159982873851034
4.705013275146484,-0.4388710519998
4.712824821472168,-0.42926574868638656
4.72063946723938,-0.38201302826262906
4.728455543518066,-0.2926831502950119
4.736266613006592,-0.22769007837286578
4.744078636169434,-0.28053916253309774
4.751888990402222,-0.44972412857685595
4.759701251983643,-0.6073555582956118
4.767517805099487,-0.6441524491097981
4.775367498397827,-0.6100906525652467
4.78313946723938,-0.6318090053678991
4.7909462451934814,-0.699516387812632
4.79878830909729,-0.6391236721105467
4.80658221244812,-0.35020941086255636
4.81438946723938,0.006382696198463004
4.822198390960693,0.15615708528716027
4.830013513565064,0.025004756480680856
4.8378236293792725,-0.18315235171243752
4.845640420913696,-0.2338742479091974
4.853458404541016,-0.10990807793577194
4.861260414123535,0.026053569822804153
4.869081497192383,0.05163235557015246
4.876888513565064,-0.001192889223301976
4.88469934463501,-0.028141857777318917
4.892515182495117,0.02115001135426945
4.900325059890747,0.10628074345032106
4.908140897750855,0.1312440183448765
4.915958881378174,0.006497426684821074
4.923760414123535,-0.26294174680050186
4.931566715240479,-0.5226313000424732
4.93939471244812,-0.5660999054697987
4.947191953659058,-0.3537627723312143
4.954993009567261,-0.0994166903031787
4.962822198867798,-0.05899094804900398
4.970643758773804,-0.23985328387986915
4.978451251983643,-0.4001470414762226
4.986269950866699,-0.35565987501004787
4.994070529937744,-0.20338670246765972
5.001888751983643,-0.17849276050912513
5.00970721244812,-0.3488229416043192
5.017519474029541,-0.5439773936248544
5.025367498397827,-0.5757110455579935
5.033138275146484,-0.43802714613582855
5.040952682495117,-0.26543582777908115
5.048765659332275,-0.17461870723483391
5.0565712451934814,-0.20131476780770144
5.064367771148682,-0.33125109407733155
5.0722057819366455,-0.5071883527026166
5.080016851425171,-0.6210397911482255
5.087833881378174,-0.5877783349856799
5.095637559890747,-0.4572513171941927
5.103456497192383,-0.3958731274513668
5.111262321472168,-0.5145196322529901
5.119074821472168,-0.7416709924798122
5.126892805099487,-0.9016780476945243
5.134700298309326,-0.8947390526449752
5.142514705657959,-0.7594520132124152
5.150324821472168,-0.5797717915596472
5.158137321472168,-0.3951308039830351
5.165956497192383,-0.22155514891617387
5.173761367797852,-0.10861984220167589
5.181572437286377,-0.12543555070427043
5.18938946723938,-0.30033114249175163
5.197206020355225,-0.5921400553284117
5.2050087451934814,-0.8961020315363809
5.2128331661224365,-1.0679965299026446
5.220637798309326,-1.0060358139447823
5.228455543518066,-0.7731845420795347
5.236260652542114,-0.5954586297749537
5.244078397750855,-0.6408309233160996
5.251890182495117,-0.7960554065353345
5.259708642959595,-0.7638427789471094
5.267514705657959,-0.43484353505129913
5.275370359420776,-0.08021923675203954
5.283140659332275,-0.07424712502031894
5.290955066680908,-0.4541072302350502
5.298781633377075,-0.8568796120560247
5.306580305099487,-0.9100810052597827
5.314387798309326,-0.6055724691663761
5.322198867797852,-0.2516400845599645
5.330016374588013,-0.12464701517029944
5.337827920913696,-0.23288282751294634
5.345642328262329,-0.3859781608331339
5.353448152542114,-0.40997774712833257
5.361262321472168,-0.2749198267391891
5.369352340698242,-0.07395929565257435
5.377089262008667,0.0745627201529122
5.384703636169434,0.1250764648550546
5.39255428314209,0.13880189498516796
5.400381326675415,0.2049613933771452
5.408159017562866,0.30204259355465685
5.415958404541016,0.27560199242737354
5.423757553100586,0.020948302885374376
5.431577444076538,-0.3294329659179333
5.439393043518066,-0.4996146995449432
5.447206020355225,-0.39264940439515134
5.455005407333374,-0.23599860682436105
5.462827205657959,-0.3198676945838938
5.470642328262329,-0.6347195875509687
5.47845196723938,-0.8733350518803012
5.486271381378174,-0.7965365910628245
5.494073390960693,-0.4973573443320445
5.501892566680908,-0.25982388357152814
5.5097081661224365,-0.23990770016041077
5.517512798309326,-0.3621734331930568
5.525381088256836,-0.4775138728122503
5.533139944076538,-0.518042148286366
5.540951490402222,-0.4958968379591347
5.548765659332275,-0.44976514640105725
5.556581020355225,-0.44105398653395766
5.564388990402222,-0.5374145023329412
5.572195053100586,-0.7331963051698932
5.5800182819366455,-0.9144573086693478
5.58784031867981,-0.9657186806212694
5.595636606216431,-0.9025238632267394
5.603452920913696,-0.8404502049149504
5.611280918121338,-0.8313215991112287
5.619081497192383,-0.7937045063880714
5.626891136169434,-0.6372058426714533
5.634699583053589,-0.40593501528862574
5.642514228820801,-0.24520828766874972
5.650329351425171,-0.2454815308658202
5.658142328262329,-0.3601514284497339
5.66595458984375,-0.4633597845914993
5.673761606216431,-0.4547973486650045
5.681572914123535,-0.33268591976282025
5.68938946723938,-0.21996290614675407
5.697203874588013,-0.30073413837083934
5.705012559890747,-0.6434151336348701
5.712822914123535,-1.0588223885935653
5.720638751983643,-1.2147520748596183
5.728456258773804,-0.9672438020805586
5.736268043518066,-0.5447352405887894
5.744075298309326,-0.32867977698840517
5.751885890960693,-0.4562496281668486
5.759704113006592,-0.7037008178712908
5.76751708984375,-0.7684617887369
5.775373697280884,-0.5892126823762727
5.783137559890747,-0.3400269780034645
5.790951490402222,-0.17691121390358228
5.798764228820801,-0.0951072596607015
5.806584358215332,-0.03819634376386593
5.814386367797852,-0.03457617842148836
5.822197914123535,-0.1342864260882452
5.83001184463501,-0.24884687777999812
5.837827920913696,-0.16287332200873875
5.845644950866699,0.24274412600701006
5.853451251983643,0.8149298076288267
5.863563776016235,1.2226138365242176
5.869088888168335,1.2245274478936545
5.876896142959595,0.8355286094120642
5.884697198867798,0.2778569375856514
5.892522573471069,-0.1740014037854907
5.900315523147583,-0.3415205055562874
5.908102512359619,-0.24657160299379105
5.915912389755249,-0.09900514087486371
5.923721075057983,-0.11000416974220638
5.93152928352356,-0.27805586337987304
5.939335107803345,-0.40229620643473263
5.947168111801148,-0.33348438508633443
5.954968690872192,-0.15478400267233985
5.962785243988037,-0.06264648788135763
5.970595836639404,-0.11852697693871714
5.978411912918091,-0.20043770567971184
5.986226558685303,-0.18709659877103657
5.994033575057983,-0.10044144242673723
6.001893758773804,-0.03881093268539109
6.00971531867981,-0.0473556385821031
6.017519474029541,-0.11268060342017878
6.025368928909302,-0.23119628506152762
6.033138275146484,-0.4003962129571525
6.040950775146484,-0.5558459540179311
6.048769474029541,-0.5997490927575639
6.056578397750855,-0.5168855644254834
6.06438946723938,-0.405848081133021
6.072198390960693,-0.3619752520894344
6.080004930496216,-0.3720158989192072
6.087831497192383,-0.36811707944230176
6.095637083053589,-0.35078932939670043
6.103455066680908,-0.39218806147776464
6.111262798309326,-0.5192054943590818
6.1190807819366455,-0.6508320866924443
6.126891851425171,-0.6740049788824228
6.134699821472168,-0.5516661793423996
6.142511367797852,-0.34634374972500176
6.15032434463501,-0.1721894186216049
6.158138751983643,-0.12940546520964502
6.165956735610962,-0.23201031715937362
6.173763990402222,-0.3684634573817914
6.1815714836120605,-0.38279827404497924
6.189388751983643,-0.2524455029996169
6.197201013565064,-0.15189650811764885
6.205013990402222,-0.25981710609200537
6.213533639907837,-0.5090717949217217
6.220686674118042,-0.6248388284089209
6.228439331054688,-0.4546239756016348
6.236250162124634,-0.17674288130625593
6.244056701660156,-0.09147748418923865
6.251910209655762,-0.24607842194384894
6.259706020355225,-0.37579876965112197
6.267514944076538,-0.23175509505454622
6.275379419326782,0.12902196923172302
6.28313684463501,0.4360832542869744
6.290956497192383,0.5170970301828549
6.298778772354126,0.4319218628895938
6.306580066680908,0.32551940864785855
6.314383506774902,0.24876708133949013
6.322203636169434,0.1583356372128763
6.330016851425171,0.024874347651369675
6.3378307819366455,-0.11960582095778445
6.345639705657959,-0.21638357964703564
6.353448152542114,-0.2166292800472686
6.361266374588013,-0.10860866376091324
6.369340181350708,0.03673011467488882
6.377087593078613,0.07106242231885021
6.384718179702759,-0.0964290822303524
6.392518043518066,-0.3530967275543928
6.400322437286377,-0.44900479750045663
6.408146142959595,-0.26105552277935307
6.415950536727905,0.05646898793795677
6.423758029937744,0.24214395557551993
6.431579113006592,0.21291176101416615
6.439397096633911,0.11286724954026728
6.447211503982544,0.09610636237944575
6.4550087451934814,0.14796965102240883
6.462828874588013,0.14982378760929327
6.470632791519165,0.04863253667597397
6.478456735610962,-0.09863467488708774
6.486268043518066,-0.2104999479653311
6.494075298309326,-0.24243823809917758
6.501886367797852,-0.17821543264386308
6.509702682495117,-0.03751546630606825
6.517515659332275,0.09174468890380437
6.52538800239563,0.099267800500626
6.533141136169434,-0.02386474080858967
6.540950059890747,-0.15094787105900168
6.548762559890747,-0.16399063798485644
6.556580066680908,-0.10609669366706032
6.564389228820801,-0.12579955721466893
6.572204113006592,-0.27293369230422027
6.579995393753052,-0.41442112349421334
6.587839365005493,-0.3803249533245142
6.59562873840332,-0.1530083077093627
6.60345196723938,0.1182203626634615
6.611268520355225,0.26051722049953363
6.619080066680908,0.21280136404059855
6.626889944076538,0.056662447722240536
6.634703397750855,-0.0475719723187153
6.642516136169434,0.01269041442109503
6.650336027145386,0.17853096235463603
6.658138990402222,0.23398484943926956
6.6659581661224365,0.01895175570082289
6.673758506774902,-0.351227410755885
6.681567192077637,-0.547811496299884
6.689390659332275,-0.36577291266283507
6.697207450866699,0.040633261155980066
6.705014944076538,0.3223511505799651
6.712827444076538,0.3153295201555325
6.720640897750855,0.1842350972203225
6.728453397750855,0.18017510286596827
6.736268997192383,0.3382896077540382
6.744074821472168,0.4779594902007153
6.751885890960693,0.4525588332108688
6.759703159332275,0.3051562483735898
6.767522573471069,0.16906232022719003
6.775367498397827,0.09811928419268974
6.78313946723938,0.051698726613135744
6.790950536727905,0.00626212775010219
6.798763275146484,0.014099578651999962
6.806580543518066,0.14698109758803107
6.814383506774902,0.4174763218369574
6.822202444076538,0.7520710415486068
6.8300087451934814,1.0055743162347637
6.837831020355225,1.0237086585368198
6.845638275146484,0.7711964788644456
6.853456735610962,0.42060311797677663
6.861258029937744,0.241068438841895
6.869076251983643,0.3384987781009529
6.876893520355225,0.5438386994881482
6.884694337844849,0.6182369497313315
6.8925111293792725,0.5384528699981453
6.9003214836120605,0.4989468022558501
6.908137798309326,0.6314272093729019
6.91594934463501,0.8193882145975101
6.923767805099487,0.8496434100598751
6.931564569473267,0.6822763269776926
6.939393997192383,0.482272770237299
6.947200536727905,0.403523721632598
6.955013036727905,0.43035321875535076
6.962827682495117,0.4495619842269811
6.970636606216431,0.4002939151087141
6.97844386100769,0.3073087883317751
6.98625636100769,0.22410691735090055
6.994058847427368,0.2054887096496272
7.001888036727905,0.2986476361004778
7.00970983505249,0.4814533093522463
7.0175182819366455,0.6187818597013506
7.025370597839356,0.5671903597713518
7.033138751983643,0.3531883445769172
7.040953636169434,0.18408285165150606
7.048766374588013,0.23104529372525595
7.056581497192383,0.4350950021129237
7.064387321472168,0.5762843576673984
7.072198152542114,0.5153590581126078
7.080018043518066,0.3241056992528336
7.0878307819366455,0.19128781722144078
7.095641136169434,0.24590650287125082
7.103434801101685,0.46352588387447796
7.111265420913696,0.6860607168068423
7.119079113006592,0.7242556260844761
7.126896858215332,0.5087953596038574
7.134695529937744,0.18645669784307078
7.142516613006592,0.024063370325624316
7.150327682495117,0.15545836126222592
7.158139944076538,0.4379708341515089
7.165957689285278,0.6137313676474061
7.17375922203064,0.6015066642711979
7.1815690994262695,0.5558371079570625
7.189388036727905,0.6211852507181145
7.197205305099487,0.7234551773041461
7.205013751983643,0.6965472186887882
7.212827682495117,0.5666349296304147
7.220637321472168,0.5770384519275076
7.228449106216431,0.8883019717081915
7.236268281936645,1.3468690772454786
7.2440712451934814,1.633616280776782
7.251891613006592,1.6019584677994338
7.259702444076538,1.3963155843564468
7.267518520355225,1.255890822894251
7.27536129951477,1.2743557799525507
7.283138513565063,1.3560451729678067
7.29095196723938,1.337940868872325
7.29876971244812,1.1287913499035438
7.306581497192383,0.7901826430731591
7.314385890960693,0.5268578340929381
7.322205543518066,0.5461913529857582
7.330017566680908,0.8527196537670293
7.337830781936645,1.1958769982077968
7.34563946723938,1.2912717031194263
7.353450775146484,1.105233914347306
7.361259937286377,0.8710039294073153
7.36935019493103,0.8141682280993542
7.377105236053467,0.9243485295713644
7.384711265563965,1.0336369540943562
7.392510890960693,1.0536043304890232
7.400325536727905,1.0448849487967813
7.408140182495117,1.0650987768288203
7.415952682495117,1.053291352505227
7.423767566680908,0.9244761532397399
7.431557655334473,0.7172440186425402
7.439399719238281,0.5638968102161809
7.447206735610962,0.5277818197459044
7.455015659332275,0.5430913876556085
7.462823152542114,0.5219901005538533
7.470639705657959,0.45158392802785324
7.478450298309326,0.3626525064546556
7.486272573471069,0.2721848310690453
7.494074821472168,0.20697820457646357
7.501889944076538,0.23130841916146616
7.509697675704956,0.37419111492885565
7.517520427703857,0.5461282981059093
7.525374889373779,0.606500926188195
7.533138990402222,0.5294947720646105
7.540952205657959,0.4458281586271598
7.5487589836120605,0.49164946047946073
7.556579351425171,0.6570140808380243
7.564387321472168,0.8127609466066772
7.572201013565063,0.8481948216693035
7.58001708984375,0.7485507273029157
7.587821960449219,0.5786688058294126
7.595640182495117,0.4472520755204945
7.6034464836120605,0.4621518554376594
7.611259460449219,0.6414385615604589
7.6190595626831055,0.8530960928002813
7.626887798309326,0.9103552974150592
7.63469934463501,0.7696089224420744
7.642527103424072,0.5910945427867151
7.650329351425171,0.552883776787489
7.658145904541016,0.639626299870378
7.665966749191284,0.6872039111614447
7.673760652542114,0.6231982485863798
7.681567907333374,0.5683173135278785
7.689393758773804,0.6568451702539625
7.697205305099487,0.8323957616259776
7.705012083053589,0.9095396246575286
7.712825298309326,0.8155817135358663
7.720635652542114,0.6844615079350623
7.728455781936645,0.6903506340396651
7.736266136169434,0.8506940214144654
7.744076013565063,1.032457490808529
7.751888036727905,1.1115390606399143
7.7597033977508545,1.0802431237401022
7.767521858215332,1.0158629527592336
7.77536678314209,0.9808651248761616
7.783139705657959,0.9466821699561073
7.790945291519165,0.7977061118069859
7.798770189285278,0.4512894316694383
7.806581258773804,0.027051757940627374
7.8166468143463135,-0.14964617178256442
7.822218894958496,0.16563444112899578
7.830017566680908,0.8079729661533244
7.837825298309326,1.2622691263408814
7.845643043518066,1.1499468272941413
7.853454113006592,0.62824903658346
7.861262321472168,0.22195791041539473
7.869072437286377,0.26343587651589245
7.876891374588013,0.585030246563946
7.884697675704956,0.7846867846743181
7.892510890960693,0.6918578745376109
7.900308609008789,0.48610602464254205
7.908096313476562,0.41802428018391535
7.915913343429565,0.5376240789932926
7.923719882965088,0.7082806592516258
7.93152117729187,0.7779222458264106
7.93935227394104,0.6782887706192019
7.947160482406616,0.4324789352918981
7.954971551895142,0.15043419294815943
7.962780237197876,-0.014612765042873501
7.970602035522461,0.006843966392016754
7.978408575057983,0.10848089458303256
7.986222743988037,0.1069861952389075
7.994030237197876,-0.04637006020937029
8.001891374588013,-0.20151604598833153
8.009714126586914,-0.1854548407729635
8.017505168914795,-0.0017631412531607946
8.02536416053772,0.18460897487885278
8.033142566680908,0.23149702500566807
8.040950775146484,0.14312294990428542
8.048763990402222,0.029056561173649277
8.056577682495117,-0.0051279416001713
8.064385414123535,0.0736647879594499
8.072200775146484,0.20726292513928016
8.080015897750854,0.27378715134311676
8.087831497192383,0.1852735812433368
8.095640420913696,-0.003890509818261434
8.103452444076538,-0.12642256978682917
8.111263036727905,-0.09303134296160508
8.11906361579895,-0.02153297446764871
8.126886367797852,-0.09748706094746723
8.13469672203064,-0.30934324981164385
8.14251446723938,-0.41537940532067213
8.15032148361206,-0.22525838572279372
8.158139944076538,0.15062345104626657
8.165955305099487,0.41030240681057195
8.173760652542114,0.3898296282971788
8.181562900543213,0.20415178441022772
8.189391613006592,0.06138933960595221
8.197206258773804,0.027052274759236494
8.205013990402222,0.02367777341939837
8.212826251983643,0.00017356321743712988
8.22063422203064,0.007419418507704348
8.22845196723938,0.10145435315933794
8.236265182495117,0.24485648741632546
8.244079828262329,0.34110883275456677
8.251885890960693,0.327592812855651
8.259705305099487,0.20899537607590446
8.26750922203064,0.04121545378997445
8.27536654472351,-0.0850024628163051
8.283137083053589,-0.09344346120993062
8.29095458984375,-0.018774884802540526
8.29876160621643,-0.02378042172195137
8.306572675704956,-0.2361959426158159
8.314385890960693,-0.5617995635943385
8.322199583053589,-0.7406904004981238
8.330018043518066,-0.6302262782812363
8.337821960449219,-0.37300140020636996
8.345642566680908,-0.22991768371040294
8.353456735610962,-0.2920475563516418
8.361261129379272,-0.42611467362762545
8.369345664978027,-0.47809292161268435
8.377089500427246,-0.44090415323791765
8.384714126586914,-0.40441342047683143
8.392511129379272,-0.4259021775766428
8.400328874588013,-0.5101560434277836
8.408138751983643,-0.6650335757921755
8.4159574508667,-0.8928339079218138
8.423761129379272,-1.1295723201467607
8.431580543518066,-1.2662234870780462
8.439464569091797,-1.2591297003682695
8.447198629379272,-1.1746539447906064
8.455002784729004,-1.0975369061041658
8.462826251983643,-1.0404668340880279
8.47063684463501,-0.9886005937509005
8.478452682495117,-0.9866457600471495
8.486270189285278,-1.0956758839861485
8.494073867797852,-1.2646608292184134
8.501885175704956,-1.330375363125116
8.509706735610962,-1.1918295514107642
8.517526865005493,-0.9436599799014577
8.525383234024048,-0.795038240213741
8.533139705657959,-0.8779503878682815
8.540952682495117,-1.1514574242431304
8.548764944076538,-1.4476780936771783
8.556581735610962,-1.5759861014173526
8.564387321472168,-1.4404513989478869
8.572204828262329,-1.141678820433979
8.580007076263428,-0.9472509568812149
8.587843894958496,-1.0624637073287844
8.59564733505249,-1.3927723331723392
8.603458404541016,-1.600616195415112
8.61126708984375,-1.4549198847521323
8.619081497192383,-1.0838494354822044
8.626881122589111,-0.8199739995025
8.634684801101685,-0.8242051691922461
8.642517805099487,-0.943877871281043
8.65034532546997,-0.9485211392863778
8.65813136100769,-0.8141535328267382
8.66596007347107,-0.7087600871933953
8.673766374588013,-0.7511414136251935
8.681572914123535,-0.8807027225413641
8.689391851425171,-0.9706874949080009
8.69720721244812,-0.9867369252600486
8.705015420913696,-0.9880090123809206
8.712827682495117,-1.02396841871574
8.720639705657959,-1.0911805242640806
8.728463172912598,-1.1726077375666468
8.736268520355225,-1.2625992731368183
8.744078874588013,-1.3525595485799988
8.751889705657959,-1.4387571504004677
8.759707927703857,-1.5439309161327743
8.767520904541016,-1.6753653821640782
8.77537751197815,-1.7530117015326216
8.783140182495117,-1.6563293670913226
8.790956497192383,-1.3991616296639768
8.798765420913696,-1.1985611748722158
8.806585311889648,-1.2731958909786798
8.8143892288208,-1.5794306115715269
8.822201490402222,-1.8335999025815533
8.830017805099487,-1.8219588392045476
8.837828159332275,-1.6211900097738818
8.845638990402222,-1.472442274301281
8.853452444076538,-1.5012729708619625
8.86126446723938,-1.6315967621614684
8.869078159332275,-1.738366690356068
8.876892328262329,-1.7923655022795455
8.884698629379272,-1.8428725319659076
8.892514944076538,-1.9371995550848504
8.900327682495117,-2.0956652178908923
8.908138513565063,-2.3031681563468807
8.915955781936646,-2.468186693770177
8.923763990402222,-2.4372273532031
8.931565284729004,-2.1370950171510876
8.939395189285278,-1.7053292420871455
8.947206497192383,-1.4108214158019823
8.955009937286377,-1.4158744166802875
8.962825298309326,-1.644307805845756
8.970639944076538,-1.8917106451455483
8.978455781936646,-2.0251742902668863
8.986274003982544,-2.052519140250368
8.994076013565063,-2.0412228290111862
9.001885652542114,-2.0298701737269864
9.00970697402954,-2.016934333450725
9.017523765563965,-1.9851802695522431
9.025367259979248,-1.9197584129127567
9.033132076263428,-1.8375142287544808
9.040953874588013,-1.8066854501723306
9.048771619796751,-1.8893096988004836
9.056570529937744,-2.042383252843616
9.064386129379272,-2.132871077189189
9.072207689285278,-2.1042292734604975
9.080016374588013,-2.081349784322429
9.087833166122437,-2.222126091239422
9.095637083053589,-2.4744856474434567
9.103457927703856,-2.585218556971082
9.11126446723938,-2.398401861210158
9.119084358215332,-2.0647054962889726
9.126890897750854,-1.8684241488280595
9.134700536727903,-1.8862151653808752
9.142508029937744,-1.9185034034595496
9.150329351425173,-1.7686769350440936
9.158142328262327,-1.4944325859831344
9.165960788726808,-1.3227048818204865
9.173764944076538,-1.374478764255881
9.181572437286375,-1.5517237739427725
9.189391374588013,-1.676828258905896
9.19720220565796,-1.670560663529051
9.205016613006592,-1.5872938328018853
9.212827920913696,-1.5412519003285048
9.220645189285278,-1.6208803545450954
9.2284517288208,-1.8165541921953823
9.23626947402954,-1.992503184158364
9.244074821472168,-1.9815654474181423
9.25188946723938,-1.7721471201483925
9.2597017288208,-1.5694737063071937
9.267518043518066,-1.590250130525871
9.275373935699465,-1.799752782828347
9.283136129379272,-1.9376923045434036
9.290952444076538,-1.834118011235865
9.298784494400024,-1.6188485782591142
9.30658197402954,-1.5499444914246856
9.314385414123535,-1.6893953600361629
9.322202682495115,-1.8417771812162465
9.330017805099487,-1.8016983622971823
9.337830305099487,-1.5675564549407466
9.345643043518066,-1.2890437651166873
9.353449583053589,-1.0962538369990746
9.361262559890749,-1.0407447012149764
9.369346380233765,-1.131573319888028
9.377103328704834,-1.328210079688096
9.384713888168337,-1.5127221911603497
9.39251446723938,-1.5627386548465279
9.40032696723938,-1.478876520448185
9.408143997192385,-1.382555113146398
9.415955543518066,-1.3619158002329372
9.423765897750854,-1.371408082979162
9.431581497192385,-1.3234437445284444
9.43946647644043,-1.2303242263063423
9.447208166122437,-1.183268340315921
9.45501160621643,-1.2054766568952293
9.462827920913696,-1.2034661853208792
9.470638990402222,-1.0876184518166139
9.47845697402954,-0.8844963203458853
9.486273527145386,-0.6946442930313615
9.494079828262327,-0.5837775866708591
9.501892328262327,-0.555291643789399
9.509705781936646,-0.5893075524220188
9.517525911331177,-0.6518725980376229
9.52540111541748,-0.6878983483278304
9.533146858215332,-0.6713830384413708
9.540951490402222,-0.6573882467350582
9.548768281936646,-0.7088650569433697
9.556578397750854,-0.7542603615360527
9.564391851425173,-0.605791856723244
9.572198867797852,-0.19292275618782373
9.580014944076538,0.2758021175663219
9.587826251983644,0.4875630461228464
9.59564471244812,0.36879077524269854
9.603454351425173,0.17750723223900267
9.61126947402954,0.2230421485196332
9.61907720565796,0.5477416443208456
9.626892566680908,0.92454839935974
9.63470196723938,1.1220228090729576
9.64251446723938,1.1102530415669338
9.65031623840332,1.024339448899694
9.658143520355225,1.0008359987013589
9.665958166122437,1.0804307336115473
9.673762798309326,1.2220644174821558
9.68157434463501,1.3606777808605073
9.689390897750854,1.4608889595980068
9.697192907333374,1.5475998642886901
9.704995393753052,1.6744069696904662
9.712828636169434,1.8308809472279224
9.720642566680908,1.9103302184428175
9.7284677028656,1.8444313663913694
9.736271619796751,1.7737605862612833
9.744073152542114,1.9826709841318895
9.75189208984375,2.579960634057991
9.759702920913696,3.2929077107865745
9.769816875457764,3.6889460249412243
9.775385856628418,3.6136228360922864
9.783141613006592,3.3258747233700623
9.790955543518066,3.1805919061073697
9.798789978027344,3.2694746041422182
9.806549549102783,3.4249915891933065
9.814346313476562,3.484984179355521
9.82216453552246,3.4464580711635686
9.829973459243774,3.392554820574524
9.837789297103882,3.3858645848409408
9.84559726715088,3.465299002819239
9.853411436080933,3.661974206153687
9.861221313476562,3.9518299386866294
9.869033098220823,4.231605179971272
9.876849889755247,4.407785882134465
9.884658575057983,4.50239685681456
9.8924720287323,4.618948370656855
9.900310516357422,4.80692607098888
9.908146381378174,5.015398224848414
9.915951013565063,5.1863593330547895
9.923766851425173,5.327778636069042
9.931560754776,5.456035013957808
9.939393043518066,5.523308926194678
9.947206735610962,5.480207032367694
9.955008506774902,5.400403492720174
9.962825059890749,5.453897534549819
9.97063684463501,5.67615020462929
9.97845196723938,5.751094533873143
9.986267328262327,5.098397668987361
9.994076490402222,3.3219229843545226
10.001885890960692,0.6763441098709451
