Timestamp,LO_plus,LO_minus,Raw_ADC,Voltage_mV
1765544534.5559216,0,0,12569,1571.125
1765544534.5577157,0,0,12530,1566.250
1765544534.5615222,1,1,12531,1566.375
1765544534.5655124,0,0,13008,1626.000
1765544534.5694847,0,0,12693,1586.625
1765544534.5734835,0,0,12562,1570.250
1765544534.5774765,0,0,12527,1565.875
1765544534.581481,0,0,12530,1566.250
1765544534.5854766,1,0,13111,1638.875
1765544534.5894768,0,0,12746,1593.250
1765544534.5934799,0,0,12574,1571.750
1765544534.597476,0,0,12529,1566.125
1765544534.6014812,0,0,12538,1567.250
1765544534.6054866,0,0,13268,1658.500
1765544534.609499,0,0,12812,1601.500
1765544534.6134887,0,0,12589,1573.625
1765544534.6174812,0,0,12529,1566.125
1765544534.621487,1,1,12527,1565.875
1765544534.6254864,1,0,13203,1650.375
1765544534.6294866,0,0,12798,1599.750
1765544534.6334825,0,0,12582,1572.750
1765544534.6374784,0,0,12525,1565.625
1765544534.641487,1,1,12517,1564.625
1765544534.6454864,0,0,13103,1637.875
1765544534.6494865,0,0,12760,1595.000
1765544534.6534884,0,0,12571,1571.375
1765544534.657488,0,0,12520,1565.000
1765544534.6614876,1,1,12508,1563.500
1765544534.665487,0,1,12941,1617.625
1765544534.6695232,0,0,12717,1589.625
1765544534.6735265,0,0,12558,1569.750
1765544534.677493,0,0,12516,1564.500
1765544534.6815019,1,1,12507,1563.375
1765544534.6854765,0,0,13030,1628.750
1765544534.6894753,0,0,12770,1596.250
1765544534.6934874,0,0,12571,1571.375
1765544534.697486,0,0,12519,1564.875
1765544534.701536,1,1,12506,1563.250
1765544534.7054877,0,0,12963,1620.375
1765544534.7094753,0,0,12755,1594.375
1765544534.713487,0,0,12567,1570.875
1765544534.7174866,0,0,12517,1564.625
1765544534.721487,1,1,12506,1563.250
1765544534.72547,1,0,13086,1635.750
1765544534.7294748,0,0,12839,1604.875
1765544534.7335331,0,0,12588,1573.500
1765544534.7374933,0,0,12521,1565.125
1765544534.7414834,1,1,12504,1563.000
1765544534.7454846,1,0,12886,1610.750
1765544534.749481,0,0,12743,1592.875
1765544534.7535388,0,0,12561,1570.125
1765544534.7575035,0,0,12513,1564.125
1765544534.7614887,1,1,12502,1562.750
1765544534.7658389,0,0,12710,1588.750
1765544534.769541,0,0,12655,1581.875
1765544534.7734864,0,0,12539,1567.375
1765544534.7774806,0,0,12509,1563.625
1765544534.781486,1,1,12503,1562.875
1765544534.7854834,0,0,13067,1633.375
1765544534.7894814,0,0,12918,1614.750
1765544534.7934809,0,0,12607,1575.875
1765544534.797528,0,0,12526,1565.750
1765544534.8014956,1,1,12505,1563.125
1765544534.8054821,1,0,13016,1627.000
1765544534.8094826,0,0,12910,1613.750
1765544534.813484,0,0,12604,1575.500
1765544534.8174827,0,0,12523,1565.375
1765544534.821485,1,1,12501,1562.625
1765544534.8255122,0,0,13032,1629.000
1765544534.829571,0,0,12939,1617.375
1765544534.8335457,0,0,12609,1576.125
1765544534.8374796,0,0,12521,1565.125
1765544534.841536,1,1,12499,1562.375
1765544534.8454847,0,0,12892,1611.500
1765544534.849486,0,0,12867,1608.375
1765544534.8534796,0,0,12588,1573.500
1765544534.8574734,0,0,12514,1564.250
1765544534.8614867,1,1,12496,1562.000
1765544534.8654869,0,0,12808,1601.000
1765544534.8695242,0,0,12823,1602.875
1765544534.873488,0,0,12576,1572.000
1765544534.877473,0,0,12511,1563.875
1765544534.8814812,1,1,12495,1561.875
1765544534.8854825,0,0,12845,1605.625
1765544534.889483,0,0,12893,1611.625
1765544534.8934777,0,0,12594,1574.250
1765544534.8974743,0,0,12516,1564.500
1765544534.9014852,1,1,12495,1561.875
1765544534.905487,0,0,12812,1601.500
1765544534.9095402,0,0,12895,1611.875
1765544534.9134927,0,0,12594,1574.250
1765544534.917473,0,0,12515,1564.375
1765544534.9214826,1,1,12494,1561.750
1765544534.925483,0,0,12783,1597.875
1765544534.9294815,0,0,12908,1613.500
1765544534.9334774,0,0,12597,1574.625
1765544534.9374738,0,0,12515,1564.375
1765544534.9414778,1,1,12494,1561.750
1765544534.9454799,0,0,12707,1588.375
1765544534.949479,0,0,12844,1605.500
1765544534.9535725,0,0,12580,1572.500
1765544534.9575114,0,0,12511,1563.875
1765544534.9615004,1,1,12493,1561.625
1765544534.9654722,0,0,12635,1579.375
1765544534.9694712,0,0,12801,1600.125
1765544534.9734833,0,0,12569,1571.125
1765544534.9774826,0,0,12508,1563.500
1765544534.9814847,1,1,12493,1561.625
1765544534.9854722,0,0,12656,1582.000
1765544534.9895275,0,0,12893,1611.625
1765544534.9934845,0,0,12593,1574.125
1765544534.9974725,0,0,12515,1564.375
1765544535.0014796,1,1,12495,1561.875
1765544535.0054817,0,0,12711,1588.875
1765544535.0094833,0,0,13067,1633.375
1765544535.0135014,0,0,12639,1579.875
1765544535.0175304,0,0,12527,1565.875
1765544535.0214915,1,1,12497,1562.125
1765544535.0254745,0,0,12680,1585.000
1765544535.0294695,0,0,13058,1632.250
1765544535.0334842,0,0,12635,1579.375
1765544535.0374796,0,0,12524,1565.500
1765544535.041485,1,1,12495,1561.875
1765544535.0454702,0,0,12629,1578.625
1765544535.0495293,0,0,12994,1624.250
1765544535.0534818,0,0,12619,1577.375
1765544535.0574715,0,0,12519,1564.875
1765544535.0614781,1,1,12493,1561.625
1765544535.0654812,0,0,12606,1575.750
1765544535.069481,0,0,13013,1626.625
1765544535.0734751,0,0,12625,1578.125
1765544535.077469,0,0,12520,1565.000
1765544535.0815334,1,1,12493,1561.625
1765544535.08548,0,0,12577,1572.125
1765544535.0894709,0,0,13007,1625.875
1765544535.0934818,0,0,12626,1578.250
1765544535.097541,0,0,12519,1564.875
1765544535.1015882,1,1,12492,1561.500
1765544535.105579,0,0,12544,1568.000
1765544535.109622,0,0,12928,1616.000
1765544535.113659,0,0,12606,1575.750
1765544535.1175964,0,0,12515,1564.375
1765544535.121591,1,1,12491,1561.375
1765544535.1255915,0,0,12537,1567.125
1765544535.1295922,0,0,13002,1625.250
1765544535.133582,0,0,12634,1579.250
1765544535.1375706,0,0,12522,1565.250
1765544535.1415854,1,1,12598,1574.750
1765544535.1455867,0,0,13358,1669.750
1765544535.149588,0,0,12747,1593.375
1765544535.1536667,0,0,12550,1568.750
1765544535.1575983,0,0,12497,1562.125
1765544535.1616366,1,1,12576,1572.000
1765544535.165625,0,0,13300,1662.500
1765544535.169593,0,0,12730,1591.250
1765544535.1736522,0,0,12542,1567.750
1765544535.1776013,0,0,12492,1561.500
1765544535.181589,1,1,12522,1565.250
1765544535.1855736,0,0,13148,1643.500
1765544535.1895735,0,0,12694,1586.750
1765544535.193592,0,0,12531,1566.375
1765544535.197624,0,0,12488,1561.000
1765544535.201592,1,1,12519,1564.875
1765544535.2056482,0,0,13168,1646.000
1765544535.2095947,0,0,12704,1588.000
1765544535.2135892,0,0,12533,1566.625
1765544535.2175896,0,0,12488,1561.000
1765544535.2215953,1,1,12493,1561.625
1765544535.2255886,0,0,13036,1629.500
1765544535.2295878,0,0,12673,1584.125
1765544535.233584,0,0,12524,1565.500
1765544535.2376423,0,0,12484,1560.500
1765544535.2416494,1,1,12514,1564.250
1765544535.2455747,0,0,13269,1658.625
1765544535.2495692,0,0,12758,1594.750
1765544535.2535884,0,0,12545,1568.125
1765544535.257592,0,0,12488,1561.000
1765544535.2615907,1,1,12493,1561.625
1765544535.2655694,0,0,13180,1647.500
1765544535.2696452,0,0,12747,1593.375
1765544535.2736025,0,0,12540,1567.500
1765544535.2775884,0,0,12485,1560.625
1765544535.281594,1,1,12505,1563.125
1765544535.2855902,0,0,13368,1671.000
1765544535.2895856,0,0,12829,1603.625
1765544535.293578,0,0,12560,1570.000
1765544535.2975748,0,0,12488,1561.000
1765544535.301648,1,1,12488,1561.000
1765544535.3055987,0,0,13268,1658.500
1765544535.3095849,0,0,12803,1600.375
1765544535.3135898,0,0,12551,1568.875
1765544535.3175867,0,0,12483,1560.375
1765544535.321592,1,1,12474,1559.250
1765544535.3255732,0,0,13181,1647.625
1765544535.3296297,0,0,12795,1599.375
1765544535.3336084,0,0,12547,1568.375
1765544535.3375714,0,0,12480,1560.000
1765544535.34158,1,1,12469,1558.625
1765544535.3455918,0,0,13106,1638.250
1765544535.3495896,0,0,12767,1595.875
1765544535.3536706,0,0,12538,1567.250
1765544535.357607,0,0,12478,1559.750
1765544535.3616855,1,1,12474,1559.250
1765544535.3656342,0,0,13358,1669.750
1765544535.3695915,0,0,12913,1614.125
1765544535.373587,0,0,12575,1571.875
1765544535.377582,0,0,12485,1560.625
1765544535.3815858,1,1,12470,1558.750
1765544535.3855853,0,0,13381,1672.625
1765544535.389588,0,0,12963,1620.375
1765544535.393648,0,0,12584,1573.000
1765544535.397591,0,0,12484,1560.500
1765544535.4015899,1,1,12470,1558.750
1765544535.4055858,0,0,13463,1682.875
1765544535.4095857,0,0,13014,1626.750
1765544535.4135885,0,0,12594,1574.250
1765544535.4175873,0,0,12483,1560.375
1765544535.4215834,1,1,12458,1557.250
1765544535.425644,0,0,13345,1668.125
1765544535.4295957,0,0,12989,1623.625
1765544535.4335823,0,0,12584,1573.000
1765544535.4375718,0,0,12476,1559.500
1765544535.4415858,1,1,12451,1556.375
1765544535.4455853,0,0,13304,1663.000
1765544535.4495857,0,0,13011,1626.375
1765544535.4535778,0,0,12586,1573.250
1765544535.4575703,0,0,12474,1559.250
1765544535.4615846,1,1,12445,1555.625
1765544535.4655821,0,0,13064,1633.000
1765544535.4695778,0,0,12882,1610.250
1765544535.4735942,0,0,12551,1568.875
1765544535.477589,0,0,12464,1558.000
1765544535.4815876,1,1,12442,1555.250
1765544535.4855695,0,0,13118,1639.750
1765544535.489568,0,0,12979,1622.375
1765544535.4935825,0,0,12575,1571.875
1765544535.497584,0,0,12470,1558.750
1765544535.501582,1,1,12442,1555.250
1765544535.505568,0,0,13203,1650.375
1765544535.509566,0,0,13066,1633.250
1765544535.5135865,0,0,12596,1574.500
1765544535.517588,0,0,12473,1559.125
1765544535.5215883,1,1,12441,1555.125
1765544535.525588,0,0,12921,1615.125
1765544535.529586,0,0,12889,1611.125
1765544535.5335872,0,0,12550,1568.750
1765544535.5375853,0,0,12461,1557.625
1765544535.54159,1,1,12438,1554.750
1765544535.5455859,0,0,12875,1609.375
1765544535.5495815,0,0,12888,1611.000
1765544535.5592055,0,0,12439,1554.875
1765544535.5615947,1,1,12439,1554.875
1765544535.5655766,0,0,12829,1603.625
1765544535.5695672,0,0,12893,1611.625
1765544535.573568,0,0,12552,1569.000
1765544535.577569,0,0,12463,1557.875
1765544535.581571,1,1,12440,1555.000
1765544535.5855682,0,0,12793,1599.125
1765544535.5895653,0,0,12923,1615.375
1765544535.5935726,0,0,12560,1570.000
1765544535.597565,0,0,12466,1558.250
1765544535.6015673,1,1,12442,1555.250
1765544535.6055694,0,0,13145,1643.125
1765544535.6095684,0,0,13406,1675.750
1765544535.6135669,0,0,12685,1585.625
1765544535.6175692,0,0,12496,1562.000
1765544535.621571,1,1,12445,1555.625
1765544535.6255672,0,0,12732,1591.500
1765544535.6295655,0,0,12934,1616.750
1765544535.6335866,0,0,12559,1569.875
1765544535.6375818,0,0,12461,1557.625
1765544535.6415792,1,1,12437,1554.625
1765544535.645568,0,0,12722,1590.250
1765544535.6495683,0,0,12983,1622.875
1765544535.6535833,0,0,12573,1571.625
1765544535.6575828,0,0,12466,1558.250
1765544535.6615849,1,1,12439,1554.875
1765544535.6655848,0,0,12673,1584.125
1765544535.6695838,0,0,12969,1621.125
1765544535.6735885,0,0,12570,1571.250
1765544535.6775794,0,0,12467,1558.375
1765544535.6815846,1,1,12440,1555.000
1765544535.6855843,0,0,12659,1582.375
1765544535.6895838,0,0,13064,1633.000
1765544535.6935873,0,0,12597,1574.625
1765544535.6975791,0,0,12474,1559.250
1765544535.7015817,1,1,12443,1555.375
1765544535.7055807,0,0,12728,1591.000
1765544535.709581,0,0,13232,1654.000
1765544535.7135873,0,0,12642,1580.250
1765544535.7175815,0,0,12486,1560.750
1765544535.7215838,1,1,12444,1555.500
1765544535.7255802,0,0,12683,1585.375
1765544535.7295835,0,0,13295,1661.875
1765544535.733588,0,0,12662,1582.750
1765544535.7375834,0,0,12489,1561.125
1765544535.7415843,1,1,12444,1555.500
1765544535.7455833,0,0,12736,1592.000
1765544535.7495804,0,0,13506,1688.250
1765544535.7535863,0,0,12502,1562.750
1765544535.7576523,0,0,12444,1555.500
1765544535.7615952,1,1,12587,1573.375
1765544535.7659283,0,0,13230,1653.750
1765544535.769735,0,0,12648,1581.000
1765544535.773596,0,0,12481,1560.125
1765544535.777571,0,0,12437,1554.625
1765544535.781572,1,1,12625,1578.125
1765544535.785563,0,0,13392,1674.000
1765544535.7895608,0,0,12697,1587.125
1765544535.793569,0,0,12493,1561.625
1765544535.7975645,0,0,12439,1554.875
1765544535.8015733,1,1,12517,1564.625
1765544535.8055828,0,0,13124,1640.500
1765544535.8095815,0,0,12625,1578.125
1765544535.8135707,0,0,12473,1559.125
1765544535.8175747,0,0,12434,1554.250
1765544535.8215845,1,1,12554,1569.250
1765544535.8255703,0,0,13378,1672.250
1765544535.829578,0,0,12712,1589.000
1765544535.8335767,0,0,12496,1562.000
1765544535.8375733,0,0,12439,1554.875
1765544535.8416486,1,1,12532,1566.500
1765544535.8455791,0,0,13337,1667.125
1765544535.8495784,0,0,12705,1588.125
1765544535.8535798,0,0,12492,1561.500
1765544535.8575764,0,0,12437,1554.625
1765544535.8615816,1,1,12467,1558.375
1765544535.8655784,0,0,13068,1633.500
1765544535.8695776,0,0,12626,1578.250
1765544535.8735807,0,0,12473,1559.125
1765544535.8775766,0,0,12433,1554.125
1765544535.8815782,1,1,12456,1557.000
1765544535.8855836,0,0,13029,1628.625
1765544535.8895812,0,0,12623,1577.875
1765544535.893579,0,0,12474,1559.250
1765544535.8975768,0,0,12435,1554.375
1765544535.9015796,1,1,12465,1558.125
1765544535.905579,0,0,13210,1651.250
1765544535.9095907,0,0,12702,1587.750
1765544535.9135876,0,0,12495,1561.875
1765544535.9175787,0,0,12441,1555.125
1765544535.9215848,1,1,12435,1554.375
1765544535.9255824,0,0,12903,1612.875
1765544535.9295816,0,0,12605,1575.625
1765544535.9335861,0,0,12471,1558.875
1765544535.9375796,0,0,12436,1554.500
1765544535.9415832,1,1,12440,1555.000
1765544535.94558,0,0,13024,1628.000
1765544535.94958,0,0,12660,1582.500
1765544535.953586,0,0,12488,1561.000
1765544535.9576507,0,0,12442,1555.250
1765544535.9615943,1,1,12436,1554.500
1765544535.9655664,0,0,12943,1617.875
1765544535.969565,0,0,12644,1580.500
1765544535.9735832,0,0,12484,1560.500
1765544535.9775836,0,0,12443,1555.375
1765544535.9815776,1,1,12437,1554.625
1765544535.9855607,0,0,12970,1621.250
1765544535.9895632,0,0,12668,1583.500
1765544535.9935899,0,0,12492,1561.500
1765544535.9975817,0,0,12447,1555.875
1765544536.0015826,1,1,12436,1554.500
1765544536.0056088,0,0,12871,1608.875
1765544536.0095816,0,0,12638,1579.750
1765544536.0135746,0,0,12487,1560.875
1765544536.0175633,0,0,12448,1556.000
1765544536.021573,1,1,12439,1554.875
1765544536.025577,0,0,12986,1623.250
1765544536.0295763,0,0,12712,1589.000
1765544536.03357,0,0,12507,1563.375
1765544536.0375605,0,0,12453,1556.625
1765544536.041578,1,1,12444,1555.500
1765544536.0455794,0,0,13152,1644.000
1765544536.049577,0,0,12807,1600.875
1765544536.0535815,0,0,12532,1566.500
1765544536.0575805,0,0,12459,1557.375
1765544536.0615826,1,1,12441,1555.125
1765544536.065576,0,0,12943,1617.875
1765544536.0695767,0,0,12723,1590.375
1765544536.073584,0,0,12509,1563.625
1765544536.07758,0,0,12453,1556.625
1765544536.0815823,1,1,12440,1555.000
1765544536.085582,0,0,12944,1618.000
1765544536.0895774,0,0,12755,1594.375
1765544536.0935802,0,0,12518,1564.750
1765544536.0975788,0,0,12456,1557.000
1765544536.1015825,1,1,12441,1555.125
1765544536.1055806,0,0,13052,1631.500
1765544536.1095753,0,0,12845,1605.625
1765544536.1135669,0,0,12542,1567.750
1765544536.1175578,0,0,12462,1557.750
1765544536.1215732,1,1,12442,1555.250
1765544536.125581,0,0,13085,1635.625
1765544536.1295757,0,0,12897,1612.125
1765544536.1335807,0,0,12555,1569.375
1765544536.1375768,0,0,12464,1558.000
1765544536.1415784,1,1,12441,1555.125
1765544536.1455781,0,0,13177,1647.125
1765544536.1495786,0,0,12980,1622.500
1765544536.153581,0,0,12574,1571.750
1765544536.1576467,0,0,12467,1558.375
1765544536.1615918,1,1,12438,1554.750
1765544536.165566,0,0,12953,1619.125
1765544536.1695635,0,0,12858,1607.250
1765544536.1735785,0,0,12540,1567.500
1765544536.1775734,0,0,12457,1557.125
1765544536.181579,1,1,12435,1554.375
1765544536.1855655,0,0,12796,1599.500
1765544536.1895597,0,0,12763,1595.375
1765544536.1935813,0,0,12516,1564.500
1765544536.1975725,0,0,12451,1556.375
1765544536.2015774,1,1,12435,1554.375
1765544536.2055953,0,0,12913,1614.125
1765544536.2095888,0,0,12910,1613.750
1765544536.21357,0,0,12556,1569.500
1765544536.2175572,0,0,12462,1557.750
1765544536.221571,1,1,12438,1554.750
1765544536.2255867,0,0,12882,1610.250
1765544536.2295752,0,0,12938,1617.250
1765544536.23357,0,0,12562,1570.250
1765544536.237555,0,0,12463,1557.875
1765544536.2415688,1,1,12438,1554.750
1765544536.245575,0,0,12927,1615.875
1765544536.2495747,0,0,13002,1625.250
1765544536.253581,0,0,12578,1572.250
1765544536.2575793,0,0,12466,1558.250
1765544536.261576,1,1,12437,1554.625
1765544536.2655725,0,0,12884,1610.500
1765544536.2695754,0,0,13024,1628.000
1765544536.273592,0,0,12583,1572.875
1765544536.2775772,0,0,12467,1558.375
1765544536.2815769,1,1,12437,1554.625
1765544536.285578,0,0,12953,1619.125
1765544536.289575,0,0,13164,1645.500
1765544536.2935798,0,0,12617,1577.125
1765544536.2975755,0,0,12474,1559.250
1765544536.30158,1,1,12436,1554.500
1765544536.305577,0,0,12728,1591.000
1765544536.309574,0,0,12973,1621.625
1765544536.3135788,0,0,12566,1570.750
1765544536.317576,0,0,12460,1557.500
1765544536.3215826,1,1,12433,1554.125
1765544536.3255603,0,0,12749,1593.625
1765544536.3295565,0,0,13109,1638.625
1765544536.333557,0,0,12602,1575.250
1765544536.3375595,0,0,12469,1558.625
1765544536.3415725,1,1,12434,1554.250
1765544536.3455763,0,0,12830,1603.750
1765544536.3495715,0,0,13269,1658.625
1765544536.3535771,0,0,12642,1580.250
1765544536.3576312,0,0,12478,1559.750
1765544536.361576,1,1,12435,1554.375
1765544536.3655636,0,0,12762,1595.250
1765544536.3695614,0,0,13192,1649.000
1765544536.373576,0,0,12471,1558.875
1765544536.3775766,0,0,12431,1553.875
1765544536.3815796,1,1,12680,1585.000
1765544536.3855634,0,0,13286,1660.750
1765544536.389559,0,0,12650,1581.250
1765544536.3935723,0,0,12477,1559.625
1765544536.3975666,0,0,12431,1553.875
1765544536.4015775,1,1,12521,1565.125
1765544536.4055707,0,0,12945,1618.125
1765544536.4097579,0,0,12558,1569.750
1765544536.4135857,0,0,12454,1556.750
1765544536.4175735,0,0,12427,1553.375
1765544536.4215794,1,1,12464,1558.000
1765544536.425563,0,0,12778,1597.250
1765544536.429557,0,0,12518,1564.750
1765544536.433571,0,0,12446,1555.750
1765544536.43757,0,0,12428,1553.500
1765544536.4415772,1,1,12471,1558.875
1765544536.4455597,0,0,12847,1605.875
1765544536.4495566,0,0,12543,1567.875
1765544536.4535754,0,0,12455,1556.875
1765544536.457573,0,0,12433,1554.125
1765544536.4615788,1,1,12454,1556.750
1765544536.4655879,0,0,12786,1598.250
1765544536.4695742,0,0,12531,1566.375
1765544536.4735777,0,0,12456,1557.000
1765544536.4775705,0,0,12436,1554.500
1765544536.4815872,1,1,12454,1556.750
1765544536.485577,0,0,12806,1600.750
1765544536.4895856,0,0,12544,1568.000
1765544536.493565,0,0,12462,1557.750
1765544536.497556,0,0,12442,1555.250
1765544536.501569,1,1,12455,1556.875
1765544536.5055845,0,0,12852,1606.500
1765544536.5095735,0,0,12566,1570.750
1765544536.5135787,0,0,12471,1558.875
1765544536.5175724,0,0,12446,1555.750
1765544536.5215867,1,1,12466,1558.250
1765544536.5255713,0,0,12973,1621.625
1765544536.529573,0,0,12612,1576.500
1765544536.533575,0,0,12483,1560.375
1765544536.5375838,0,0,12450,1556.250
1765544536.5415754,1,1,12462,1557.750
1765544536.5455718,0,0,12987,1623.375
1765544536.5495687,0,0,12626,1578.250
1765544536.5535853,0,0,12488,1561.000
1765544536.5629652,1,1,12458,1557.250
1765544536.5655916,0,0,12976,1622.000
1765544536.5695996,0,0,12632,1579.000
1765544536.573567,0,0,12490,1561.250
1765544536.5775573,0,0,12453,1556.625
1765544536.581569,1,1,12446,1555.750
1765544536.5855684,0,0,12813,1601.625
1765544536.5895681,0,0,12584,1573.000
1765544536.5935647,0,0,12479,1559.875
1765544536.597554,0,0,12452,1556.500
1765544536.6015723,1,1,12448,1556.000
1765544536.605571,0,0,12813,1601.625
1765544536.6095686,0,0,12594,1574.250
1765544536.6135745,0,0,12483,1560.375
1765544536.6175747,0,0,12455,1556.875
1765544536.6215718,1,1,12448,1556.000
1765544536.6255794,0,0,12756,1594.500
1765544536.6295657,0,0,12582,1572.750
1765544536.6335702,0,0,12482,1560.250
1765544536.6375718,0,0,12456,1557.000
1765544536.641581,1,1,12451,1556.375
1765544536.645556,0,0,12846,1605.750
1765544536.6495528,0,0,12630,1578.750
1765544536.6535668,0,0,12496,1562.000
1765544536.6575673,0,0,12462,1557.750
1765544536.6615732,1,1,12454,1556.750
1765544536.6655676,0,0,12744,1593.000
1765544536.6695676,0,0,12596,1574.500
1765544536.6735687,0,0,12489,1561.125
1765544536.6775641,0,0,12461,1557.625
1765544536.6815667,1,1,12455,1556.875
1765544536.68557,0,0,12585,1573.125
1765544536.689568,0,0,12526,1565.750
1765544536.6935675,0,0,12473,1559.125
1765544536.6975625,0,0,12460,1557.500
1765544536.7015703,1,1,12458,1557.250
1765544536.7055705,0,0,12637,1579.625
1765544536.7095642,0,0,12562,1570.250
1765544536.7135649,0,0,12485,1560.625
1765544536.7175646,0,0,12465,1558.125
1765544536.7215717,1,1,12461,1557.625
1765544536.725568,0,0,12553,1569.125
1765544536.729564,0,0,12521,1565.125
1765544536.733569,0,0,12477,1559.625
1765544536.7375634,0,0,12467,1558.375
1765544536.7415648,1,1,12465,1558.125
1765544536.7455692,0,0,12617,1577.125
1765544536.7495656,0,0,12568,1571.000
1765544536.7535665,0,0,12492,1561.500
1765544536.7575617,0,0,12473,1559.125
1765544536.7616603,1,1,12469,1558.625
1765544536.7677498,0,0,12642,1580.250
1765544536.7696435,0,0,12642,1580.250
1765544536.7735624,0,0,12512,1564.000
1765544536.7775552,0,0,12479,1559.875
1765544536.7815537,1,1,12472,1559.000
1765544536.7855518,0,0,12669,1583.625
1765544536.789552,0,0,12622,1577.750
1765544536.7935574,0,0,12509,1563.625
1765544536.7975526,0,0,12479,1559.875
1765544536.8015575,1,1,12472,1559.000
1765544536.8055644,0,0,12596,1574.500
1765544536.809568,0,0,12578,1572.250
1765544536.8135703,0,0,12498,1562.250
1765544536.8175745,0,0,12478,1559.750
1765544536.82158,1,1,12474,1559.250
1765544536.8255703,0,0,12590,1573.750
1765544536.8295662,0,0,12582,1572.750
1765544536.833565,0,0,12502,1562.750
1765544536.837564,0,0,12481,1560.125
1765544536.8416188,1,1,12476,1559.500
1765544536.845565,0,0,12584,1573.000
1765544536.8495626,0,0,12588,1573.500
1765544536.8535688,0,0,12505,1563.125
1765544536.8575642,0,0,12483,1560.375
1765544536.861566,1,1,12479,1559.875
1765544536.8655605,0,0,12651,1581.375
1765544536.869562,0,0,12667,1583.375
1765544536.8735638,0,0,12527,1565.875
1765544536.877562,0,0,12491,1561.375
1765544536.8815613,1,1,12481,1560.125
1765544536.8855655,0,0,12602,1575.250
1765544536.8895638,0,0,12632,1579.000
1765544536.8935647,0,0,12518,1564.750
1765544536.8975596,0,0,12489,1561.125
1765544536.9015691,1,1,12482,1560.250
1765544536.9055636,0,0,12595,1574.375
1765544536.9095778,0,0,12639,1579.875
1765544536.913572,0,0,12521,1565.125
1765544536.9175675,0,0,12491,1561.375
1765544536.9215753,1,1,12483,1560.375
1765544536.9255722,0,0,12542,1567.750
1765544536.9295638,0,0,12579,1572.375
1765544536.9335673,0,0,12507,1563.375
1765544536.9375648,0,0,12488,1561.000
1765544536.9415712,1,1,12484,1560.500
1765544536.9455671,0,0,12540,1567.500
1765544536.9495661,0,0,12589,1573.625
1765544536.9535706,0,0,12512,1564.000
1765544536.9575639,0,0,12491,1561.375
1765544536.9616642,1,1,12487,1560.875
1765544536.9655814,0,0,12540,1567.500
1765544536.9695716,0,0,12603,1575.375
1765544536.9735582,0,0,12516,1564.500
1765544536.9775488,0,0,12495,1561.875
1765544536.9815614,1,1,12489,1561.125
1765544536.985571,0,0,12627,1578.375
1765544536.9895666,0,0,12524,1565.500
1765544536.9935591,0,0,12497,1562.125
1765544536.9975495,0,0,12491,1561.375
1765544537.0015643,1,1,12556,1569.500
1765544537.0055656,0,0,12691,1586.375
1765544537.0095668,0,0,12542,1567.750
1765544537.0135725,0,0,12503,1562.875
1765544537.0175745,0,0,12494,1561.750
1765544537.0215716,1,1,12552,1569.000
1765544537.0255864,0,0,12719,1589.875
1765544537.0295682,0,0,12549,1568.625
1765544537.0335603,0,0,12506,1563.250
1765544537.0375478,0,0,12495,1561.875
1765544537.041573,1,1,12520,1565.000
1765544537.0455654,0,0,12639,1579.875
1765544537.0495641,0,0,12530,1566.250
1765544537.053557,0,0,12502,1562.750
1765544537.05756,0,0,12495,1561.875
1765544537.0615582,1,1,12498,1562.250
1765544537.0655627,0,0,12544,1568.000
1765544537.0695639,0,0,12507,1563.375
1765544537.0735703,0,0,12497,1562.125
1765544537.0775664,0,0,12496,1562.000
1765544537.0815659,1,1,12511,1563.875
1765544537.085566,0,0,12663,1582.875
1765544537.089565,0,0,12541,1567.625
1765544537.093568,0,0,12508,1563.500
1765544537.0975642,0,0,12500,1562.500
1765544537.1016145,1,1,12510,1563.750
1765544537.1056044,0,0,12667,1583.375
1765544537.1096041,0,0,12545,1568.125
1765544537.1136014,0,0,12512,1564.000
1765544537.1175883,0,0,12505,1563.125
1765544537.1215982,1,1,12509,1563.625
1765544537.125605,0,0,12710,1588.750
1765544537.1296077,0,0,12743,1592.875
1765544537.1336143,0,0,12790,1598.750
1765544537.137606,0,0,12794,1599.250
1765544537.1416094,1,1,12783,1597.875
1765544537.1456058,0,0,12961,1620.125
1765544537.149604,0,0,12816,1602.000
1765544537.1536074,0,0,12763,1595.375
1765544537.1576061,0,0,12760,1595.000
1765544537.1617196,1,1,12759,1594.875
1765544537.165624,0,0,12937,1617.125
1765544537.1696057,0,0,12778,1597.250
1765544537.173597,0,0,12680,1585.000
1765544537.177592,0,0,12635,1579.375
1765544537.1816068,1,1,12641,1580.125
1765544537.1856089,0,0,12872,1609.000
1765544537.1896079,0,0,12750,1593.750
1765544537.1935961,0,0,12700,1587.500
1765544537.1975849,0,0,12690,1586.250
1765544537.201567,1,1,12700,1587.500
1765544537.2055676,0,0,12947,1618.375
1765544537.2095687,0,0,12799,1599.875
1765544537.2135556,0,0,12703,1587.875
1765544537.2175603,0,0,12705,1588.125
1765544537.2215579,1,1,12711,1588.875
1765544537.2255645,0,0,12981,1622.625
1765544537.229562,0,0,12811,1601.375
1765544537.233566,0,0,12725,1590.625
1765544537.2375455,0,0,12702,1587.750
1765544537.2415633,1,1,12718,1589.750
1765544537.2455618,0,0,12942,1617.750
1765544537.2495623,0,0,12907,1613.375
1765544537.2535641,0,0,12920,1615.000
1765544537.2575629,0,0,12976,1622.000
1765544537.2615664,1,1,13001,1625.125
1765544537.265564,0,0,13372,1671.500
1765544537.2695613,0,0,13275,1659.375
1765544537.2735655,0,0,13171,1646.375
1765544537.2775593,0,0,13145,1643.125
1765544537.2815614,1,1,13287,1660.875
1765544537.285565,0,0,14769,1846.125
1765544537.289565,0,0,13952,1744.000
1765544537.2935665,0,0,13497,1687.125
1765544537.2975574,0,0,13435,1679.375
1765544537.301563,1,1,13619,1702.375
1765544537.3055623,0,0,15403,1925.375
1765544537.3095605,0,0,14422,1802.750
1765544537.3135612,0,0,13445,1680.625
1765544537.31756,0,0,12958,1619.750
1765544537.3215654,1,1,12801,1600.125
1765544537.325562,0,0,14273,1784.125
1765544537.329557,0,0,13236,1654.500
1765544537.3335636,0,0,12662,1582.750
1765544537.337563,0,0,12465,1558.125
1765544537.341565,1,1,12464,1558.000
1765544537.3455598,0,0,12922,1615.250
1765544537.34956,0,0,12636,1579.500
1765544537.3535523,0,0,12448,1556.000
1765544537.357545,0,0,12542,1567.750
1765544537.3616443,1,1,12663,1582.875
1765544537.3655713,0,0,12809,1601.125
1765544537.369558,0,0,12727,1590.875
1765544537.373562,0,0,13035,1629.375
1765544537.3775442,0,0,13285,1660.625
1765544537.381554,1,1,13281,1660.125
1765544537.3855608,0,0,13328,1666.000
1765544537.3895595,0,0,13267,1658.375
1765544537.3935487,0,0,13174,1646.750
1765544537.3975441,0,0,13192,1649.000
1765544537.4015589,1,1,13271,1658.875
1765544537.4055529,0,0,14583,1822.875
1765544537.4097326,0,0,14201,1775.125
1765544537.4135776,0,0,13609,1701.125
1765544537.4175735,0,0,13398,1674.750
1765544537.4215705,1,1,13443,1680.375
1765544537.4255476,0,0,15233,1904.125
1765544537.429542,0,0,14610,1826.250
1765544537.4335656,0,0,13718,1714.750
1765544537.4375615,0,0,13383,1672.875
1765544537.4415646,1,1,13291,1661.375
1765544537.44555,0,0,14807,1850.875
1765544537.4495456,0,0,14455,1806.875
1765544537.4535594,0,0,13762,1720.250
1765544537.4575615,0,0,13301,1662.625
1765544537.4615667,1,1,13100,1637.500
1765544537.4655643,0,0,14782,1847.750
1765544537.4695573,0,0,14454,1806.750
1765544537.4735575,0,0,13287,1660.875
1765544537.4775562,0,0,12830,1603.750
1765544537.4815648,1,1,12623,1577.875
1765544537.4855626,0,0,13342,1667.750
1765544537.4895587,0,0,13349,1668.625
1765544537.4935615,0,0,13209,1651.125
1765544537.4975586,0,0,14151,1768.875
1765544537.5015657,1,1,15335,1916.875
1765544537.5055623,0,0,16086,2010.750
1765544537.5095594,0,0,13561,1695.125
1765544537.5135555,0,0,12537,1567.125
1765544537.517555,0,0,12258,1532.250
1765544537.5215642,1,1,12183,1522.875
1765544537.5255618,0,0,12333,1541.625
1765544537.5295568,0,0,12344,1543.000
1765544537.5335507,0,0,12216,1527.000
1765544537.5375404,0,0,12189,1523.625
1765544537.5415504,1,1,12186,1523.250
1765544537.545558,0,0,12297,1537.125
1765544537.5495586,0,0,12323,1540.375
1765544537.5535614,0,0,12233,1529.125
1765544537.5575552,0,0,12215,1526.875
1765544537.5669837,0,0,12338,1542.250
1765544537.569586,0,0,12338,1542.250
1765544537.5735624,0,0,12257,1532.125
1765544537.5775406,0,0,12243,1530.375
1765544537.5815537,1,1,12243,1530.375
1765544537.585557,0,0,12311,1538.875
1765544537.5895572,0,0,12351,1543.875
1765544537.5935457,0,0,12284,1535.500
1765544537.5975423,0,0,12272,1534.000
1765544537.6015608,1,1,12365,1545.625
1765544537.6055586,0,0,12431,1553.875
1765544537.6095605,0,0,12327,1540.875
1765544537.6135511,0,0,12303,1537.875
1765544537.6175425,0,0,12299,1537.375
1765544537.6215503,1,1,12387,1548.375
1765544537.625557,0,0,12473,1559.125
1765544537.629557,0,0,12355,1544.375
1765544537.6335585,0,0,12328,1541.000
1765544537.6375585,0,0,12324,1540.500
1765544537.6415646,1,1,12399,1549.875
1765544537.6455588,0,0,12495,1561.875
1765544537.6495547,0,0,12378,1547.250
1765544537.653559,0,0,12350,1543.750
1765544537.6575592,0,0,12345,1543.125
1765544537.6615605,1,1,12384,1548.000
1765544537.665557,0,0,12455,1556.875
1765544537.6695552,0,0,12384,1548.000
1765544537.673558,0,0,12366,1545.750
1765544537.6775563,0,0,12365,1545.625
1765544537.68156,1,1,12403,1550.375
1765544537.6855574,0,0,12483,1560.375
1765544537.6895561,0,0,12406,1550.750
1765544537.6935472,0,0,12387,1548.375
1765544537.697542,0,0,12385,1548.125
1765544537.701606,1,1,12424,1553.000
1765544537.7056003,0,0,12532,1566.500
1765544537.7095957,0,0,12433,1554.125
1765544537.7135978,0,0,12407,1550.875
1765544537.7175968,0,0,12403,1550.375
1765544537.7216039,1,1,12446,1555.750
1765544537.7255993,0,0,12603,1575.375
1765544537.7295969,0,0,12465,1558.125
1765544537.7336,0,0,12427,1553.375
1765544537.7375934,0,0,12420,1552.500
1765544537.7415996,1,1,12447,1555.875
1765544537.7456005,0,0,12570,1571.250
1765544537.7495956,0,0,12469,1558.625
1765544537.7535927,0,0,12441,1555.125
1765544537.7575936,0,0,12437,1554.625
1765544537.7616003,1,1,12452,1556.500
1765544537.7659264,0,0,12549,1568.625
1765544537.769855,0,0,12478,1559.750
1765544537.7736511,0,0,12455,1556.875
1765544537.7776115,0,0,12453,1556.625
1765544537.7815943,1,1,12463,1557.875
1765544537.7855866,0,0,12560,1570.000
1765544537.789581,0,0,12495,1561.875
1765544537.7935832,0,0,12474,1559.250
1765544537.7975793,0,0,12471,1558.875
1765544537.801553,1,1,12480,1560.000
1765544537.8055499,0,0,12598,1574.750
1765544537.8095398,0,0,12517,1564.625
1765544537.813557,0,0,12488,1561.000
1765544537.8175519,0,0,12484,1560.500
1765544537.8215554,1,1,12499,1562.375
1765544537.8255541,0,0,12731,1591.375
1765544537.829552,0,0,12572,1571.500
1765544537.833554,0,0,12517,1564.625
1765544537.8375483,0,0,12507,1563.375
1765544537.8415518,1,1,12526,1565.750
1765544537.8455565,0,0,12819,1602.375
1765544537.8495562,0,0,12622,1577.750
1765544537.8535576,0,0,12552,1569.000
1765544537.8575556,0,0,12539,1567.375
1765544537.8615558,1,1,12550,1568.750
1765544537.8655405,0,0,12757,1594.625
1765544537.8695354,0,0,12631,1578.875
1765544537.873554,0,0,12581,1572.625
1765544537.8775523,0,0,12576,1572.000
1765544537.881556,1,1,12588,1573.500
1765544537.885552,0,0,12843,1605.375
1765544537.8895514,0,0,12710,1588.750
1765544537.8935544,0,0,12642,1580.250
1765544537.8975527,0,0,12637,1579.625
1765544537.9015524,1,1,12691,1586.375
1765544537.9055474,0,0,13362,1670.250
1765544537.909558,0,0,12954,1619.250
1765544537.9135628,0,0,12765,1595.625
1765544537.9175544,0,0,12728,1591.000
1765544537.9215574,1,1,12857,1607.125
1765544537.925554,0,0,14052,1756.500
1765544537.9295537,0,0,13334,1666.750
1765544537.9335597,0,0,12935,1616.875
1765544537.937553,0,0,12826,1603.250
1765544537.941555,1,1,13011,1626.375
1765544537.9455552,0,0,14497,1812.125
1765544537.9495506,0,0,13579,1697.375
1765544537.953549,0,0,13096,1637.000
1765544537.9575536,0,0,12957,1619.625
1765544537.9615607,1,1,13151,1643.875
1765544537.96563,0,0,14793,1849.125
1765544537.9695644,0,0,13786,1723.250
1765544537.9735472,0,0,13218,1652.250
1765544537.9775398,0,0,13050,1631.250
1765544537.9815521,1,1,13231,1653.875
1765544537.985552,0,0,14988,1873.500
1765544537.98955,0,0,14058,1757.250
1765544537.9935386,0,0,13488,1686.000
1765544537.997536,0,0,13372,1671.500
1765544538.0015523,1,1,13735,1716.875
1765544538.005555,0,0,15949,1993.625
1765544538.0095513,0,0,16323,2040.375
1765544538.0135572,0,0,16152,2019.000
1765544538.0175545,0,0,15969,1996.125
1765544538.0215623,1,1,16031,2003.875
1765544538.0255606,0,0,16158,2019.750
1765544538.0295544,0,0,16306,2038.250
1765544538.0335412,0,0,15642,1955.250
1765544538.0375354,0,0,15211,1901.375
1765544538.0415506,1,1,15053,1881.625
1765544538.0455537,0,0,14993,1874.125
1765544538.0495534,0,0,15028,1878.500
1765544538.0535436,0,0,14949,1868.625
1765544538.0575318,0,0,14847,1855.875
1765544538.061547,1,1,14811,1851.375
1765544538.0655558,0,0,14836,1854.500
1765544538.0695543,0,0,14914,1864.250
1765544538.073552,0,0,14863,1857.875
1765544538.077549,0,0,14778,1847.250
1765544538.0815568,1,1,14790,1848.750
1765544538.0855541,0,0,14918,1864.750
1765544538.0895514,0,0,15007,1875.875
1765544538.093554,0,0,14947,1868.375
1765544538.0975509,0,0,14873,1859.125
1765544538.1015546,1,1,14892,1861.500
1765544538.1055532,0,0,15317,1914.625
1765544538.109552,0,0,15421,1927.625
1765544538.1135411,0,0,15265,1908.125
1765544538.117532,0,0,15072,1884.000
1765544538.1215427,1,1,15031,1878.875
1765544538.1255517,0,0,15287,1910.875
1765544538.1295533,0,0,15548,1943.500
1765544538.1335542,0,0,15699,1962.375
1765544538.1375504,0,0,15698,1962.250
1765544538.1415508,1,1,15589,1948.625
1765544538.145552,0,0,15686,1960.750
1765544538.1495507,0,0,16002,2000.250
1765544538.1535501,0,0,15825,1978.125
1765544538.1575484,0,0,15535,1941.875
1765544538.1615546,1,1,15367,1920.875
1765544538.1656282,0,0,15282,1910.250
1765544538.1695607,0,0,15249,1906.125
1765544538.17355,0,0,15036,1879.500
1765544538.1775386,0,0,14731,1841.375
1765544538.1815474,1,1,14618,1827.250
1765544538.1855485,0,0,14448,1806.000
1765544538.1895468,0,0,14423,1802.875
1765544538.193542,0,0,14317,1789.625
1765544538.1975348,0,0,14026,1753.250
1765544538.2015493,1,1,13764,1720.500
1765544538.2055504,0,0,13917,1739.625
1765544538.20955,0,0,13936,1742.000
1765544538.2135537,0,0,13772,1721.500
1765544538.217553,0,0,13958,1744.750
1765544538.2215552,1,1,14455,1806.875
1765544538.225557,0,0,14878,1859.750
1765544538.2295573,0,0,14868,1858.500
1765544538.233537,0,0,14797,1849.625
1765544538.2375338,0,0,14538,1817.250
1765544538.2415543,1,1,14299,1787.375
1765544538.2455516,0,0,14083,1760.375
1765544538.2495472,0,0,13555,1694.375
1765544538.25354,0,0,13280,1660.000
1765544538.2575352,0,0,13146,1643.250
1765544538.2615457,1,1,13273,1659.125
1765544538.2655504,0,0,13366,1670.750
1765544538.269545,0,0,13153,1644.125
1765544538.2735488,0,0,13043,1630.375
1765544538.277548,0,0,13005,1625.625
1765544538.281555,1,1,13107,1638.375
1765544538.2855527,0,0,13191,1648.875
1765544538.2895472,0,0,13048,1631.000
1765544538.2935505,0,0,12962,1620.250
1765544538.2975469,0,0,12946,1618.250
1765544538.301555,1,1,13063,1632.875
1765544538.305548,0,0,13180,1647.500
1765544538.309547,0,0,13083,1635.375
1765544538.313546,0,0,13026,1628.250
1765544538.3175433,0,0,13019,1627.375
1765544538.3215508,1,1,13109,1638.625
1765544538.3255527,0,0,13225,1653.125
1765544538.3295515,0,0,13159,1644.875
1765544538.3335512,0,0,13106,1638.250
1765544538.3375454,0,0,13093,1636.625
1765544538.3415482,1,1,13181,1647.625
1765544538.3455527,0,0,13300,1662.500
1765544538.349548,0,0,13203,1650.375
1765544538.3535476,0,0,13100,1637.500
1765544538.3575444,0,0,13070,1633.750
1765544538.361551,1,1,13263,1657.875
1765544538.3656197,0,0,13607,1700.875
1765544538.3695536,0,0,13380,1672.500
1765544538.3735332,0,0,13242,1655.250
1765544538.3775322,0,0,13183,1647.875
1765544538.3815446,1,1,13845,1730.625
1765544538.385547,0,0,14731,1841.375
1765544538.3895488,0,0,14038,1754.750
1765544538.393538,0,0,13744,1718.000
1765544538.3975325,0,0,13716,1714.500
1765544538.4015365,1,1,14688,1836.000
1765544538.4055426,0,0,15723,1965.375
1765544538.4095562,0,0,14546,1818.250
1765544538.413546,0,0,14122,1765.250
1765544538.4175503,0,0,13980,1747.500
1765544538.4215543,1,1,14363,1795.375
1765544538.4255462,0,0,15199,1899.875
1765544538.429543,0,0,14799,1849.875
1765544538.4335515,0,0,14658,1832.250
1765544538.43755,0,0,14591,1823.875
1765544538.441552,1,1,14903,1862.875
1765544538.4455338,0,0,15605,1950.625
1765544538.449529,0,0,14727,1840.875
1765544538.4535463,0,0,14280,1785.000
1765544538.4575498,0,0,14090,1761.250
1765544538.4615524,1,1,14271,1783.875
1765544538.4655452,0,0,15020,1877.500
1765544538.4695437,0,0,14436,1804.500
1765544538.4735487,0,0,14084,1760.500
1765544538.4775448,0,0,13888,1736.000
1765544538.4815493,1,1,14146,1768.250
1765544538.4855483,0,0,15198,1899.750
1765544538.4895446,0,0,14476,1809.500
1765544538.4935489,0,0,14047,1755.875
1765544538.4975457,0,0,13852,1731.500
1765544538.5015478,1,1,14215,1776.875
1765544538.505549,0,0,15494,1936.750
1765544538.5095417,0,0,14711,1838.875
1765544538.5135431,0,0,14266,1783.250
1765544538.517545,0,0,14090,1761.250
1765544538.5215526,1,1,14385,1798.125
1765544538.5255475,0,0,15651,1956.375
1765544538.5295422,0,0,15064,1883.000
1765544538.5335464,0,0,14721,1840.125
1765544538.537542,0,0,14616,1827.000
1765544538.5415466,1,1,14584,1823.000
1765544538.5455456,0,0,15091,1886.375
1765544538.5495424,0,0,14636,1829.500
1765544538.5535424,0,0,14164,1770.500
1765544538.5575414,0,0,13905,1738.125
1765544538.5615506,1,1,13920,1740.000
1765544538.5708907,0,0,14191,1773.875
1765544538.573552,0,0,13779,1722.375
1765544538.577546,0,0,13599,1699.875
1765544538.581547,1,1,13675,1709.375
1765544538.5855424,0,0,14663,1832.875
1765544538.5895412,0,0,14037,1754.625
1765544538.5935469,0,0,13461,1682.625
1765544538.5975454,0,0,13229,1653.625
1765544538.6015468,1,1,13353,1669.125
1765544538.6055317,0,0,14696,1837.000
1765544538.6095293,0,0,13737,1717.125
1765544538.613542,0,0,13016,1627.000
1765544538.6175296,0,0,12721,1590.125
1765544538.6215358,1,1,12639,1579.875
1765544538.625546,0,0,13063,1632.875
1765544538.6295455,0,0,12863,1607.875
1765544538.6335487,0,0,12704,1588.000
1765544538.6375494,0,0,12660,1582.500
1765544538.6415508,1,1,12704,1588.000
1765544538.645531,0,0,13190,1648.750
1765544538.6495283,0,0,13034,1629.250
1765544538.6535394,0,0,12839,1604.875
1765544538.6575272,0,0,12761,1595.125
1765544538.661538,1,1,12789,1598.625
1765544538.6655395,0,0,13150,1643.750
1765544538.6695397,0,0,13110,1638.750
1765544538.6735427,0,0,12993,1624.125
1765544538.6775417,0,0,13022,1627.750
1765544538.6815417,1,1,13187,1648.375
1765544538.6855416,0,0,14208,1776.000
1765544538.689542,0,0,14087,1760.875
1765544538.6935432,0,0,13792,1724.000
1765544538.6975422,0,0,13617,1702.125
1765544538.701544,1,1,13712,1714.000
1765544538.7055435,0,0,15198,1899.750
1765544538.7095377,0,0,14680,1835.000
1765544538.713542,0,0,14084,1760.500
1765544538.717541,0,0,13795,1724.375
1765544538.7215483,1,1,13742,1717.750
1765544538.7255406,0,0,14653,1831.625
1765544538.7295375,0,0,14328,1791.000
1765544538.7335465,0,0,13891,1736.375
1765544538.7375412,0,0,13651,1706.375
1765544538.741547,1,1,13570,1696.250
1765544538.7455406,0,0,14514,1814.250
1765544538.7495375,0,0,14254,1781.750
1765544538.7535384,0,0,13803,1725.375
1765544538.75754,0,0,13559,1694.875
1765544538.7615416,1,1,13523,1690.375
1765544538.7677865,0,0,14382,1797.750
1765544538.7699375,0,0,14382,1797.750
1765544538.7735555,0,0,13626,1703.250
1765544538.7775307,0,0,13233,1654.125
1765544538.7815337,1,1,13110,1638.750
1765544538.7855299,0,0,14362,1795.250
1765544538.7895248,0,0,13711,1713.875
1765544538.793528,0,0,12827,1603.375
1765544538.797528,0,0,12436,1554.500
1765544538.801535,1,1,12240,1530.000
1765544538.8055394,0,0,12417,1552.125
1765544538.8095257,0,0,12327,1540.875
1765544538.8135426,0,0,12137,1517.125
1765544538.817537,0,0,12065,1508.125
1765544538.8215437,1,1,12045,1505.625
1765544538.8255594,0,0,12287,1535.875
1765544538.8295739,0,0,12154,1519.250
1765544538.8335378,0,0,12105,1513.125
1765544538.8375227,0,0,12097,1512.125
1765544538.841539,1,1,12381,1547.625
1765544538.8455439,0,0,12402,1550.250
1765544538.8495448,0,0,12220,1527.500
1765544538.8535323,0,0,12162,1520.250
1765544538.8575237,0,0,12178,1522.250
1765544538.861536,1,1,12426,1553.250
1765544538.8655417,0,0,12508,1563.500
1765544538.8695393,0,0,12379,1547.375
1765544538.873543,0,0,12385,1548.125
1765544538.87754,0,0,12501,1562.625
1765544538.8815439,1,1,12906,1613.250
1765544538.8855286,0,0,13291,1661.375
1765544538.8895268,0,0,13953,1744.125
1765544538.8935404,0,0,14724,1840.500
1765544538.897538,0,0,15214,1901.750
1765544538.9015403,1,1,15701,1962.625
1765544538.905541,0,0,15128,1891.000
1765544538.9096851,0,0,14318,1789.750
1765544538.9135501,0,0,14043,1755.375
1765544538.9175434,0,0,13970,1746.250
1765544538.9215446,1,1,14393,1799.125
1765544538.925544,0,0,14594,1824.250
1765544538.9295425,0,0,14189,1773.625
1765544538.933545,0,0,13942,1742.750
1765544538.9375434,0,0,13831,1728.875
1765544538.941545,1,1,14275,1784.375
1765544538.9455414,0,0,14477,1809.625
1765544538.9495416,0,0,14046,1755.750
1765544538.9535432,0,0,13773,1721.625
1765544538.9575403,0,0,13649,1706.125
1765544538.9615426,1,1,13885,1735.625
1765544538.9655392,0,0,14118,1764.750
1765544538.9696147,0,0,13853,1731.625
1765544538.9735425,0,0,13630,1703.750
1765544538.9775252,0,0,13544,1693.000
1765544538.9815352,1,1,14141,1767.625
1765544538.9855385,0,0,14585,1823.125
1765544538.989537,0,0,14021,1752.625
1765544538.9935262,0,0,13707,1713.375
1765544538.9975224,0,0,13562,1695.250
1765544539.0015438,1,1,14211,1776.375
1765544539.0055437,0,0,14743,1842.875
1765544539.0095372,0,0,14034,1754.250
1765544539.0135467,0,0,13665,1708.125
1765544539.0175416,0,0,13523,1690.375
1765544539.0215452,1,1,14153,1769.125
1765544539.0255501,0,0,14806,1850.750
1765544539.0295382,0,0,14046,1755.750
1765544539.033525,0,0,13659,1707.375
1765544539.0375233,0,0,13513,1689.125
1765544539.0415394,1,1,14196,1774.500
1765544539.04554,0,0,15004,1875.500
1765544539.049537,0,0,14165,1770.625
1765544539.0535293,0,0,13746,1718.250
1765544539.057524,0,0,13570,1696.250
1765544539.0615396,1,1,14317,1789.625
1765544539.0655406,0,0,15203,1900.375
1765544539.0695367,0,0,14160,1770.000
1765544539.0735385,0,0,13657,1707.125
1765544539.0775356,0,0,13422,1677.750
1765544539.0815408,1,1,13660,1707.500
1765544539.0855417,0,0,14115,1764.375
1765544539.0895383,0,0,13007,1625.875
1765544539.0935404,0,0,12538,1567.250
1765544539.0975368,0,0,12360,1545.000
1765544539.1015909,1,1,12470,1558.750
1765544539.1055818,0,0,13000,1625.000
1765544539.109584,0,0,12562,1570.250
1765544539.1135702,0,0,12367,1545.875
1765544539.1175609,0,0,12297,1537.125
1765544539.1215732,1,1,12365,1545.625
1765544539.125584,0,0,12730,1591.250
1765544539.1295831,0,0,12433,1554.125
1765544539.1335838,0,0,12277,1534.625
1765544539.1375809,0,0,12221,1527.625
1765544539.1415834,1,1,12290,1536.250
1765544539.145584,0,0,12650,1581.250
1765544539.1495812,0,0,12390,1548.750
1765544539.1535823,0,0,12264,1533.000
1765544539.1575806,0,0,12234,1529.250
1765544539.1615853,1,1,12305,1538.125
1765544539.1655877,0,0,12722,1590.250
1765544539.169676,0,0,12560,1570.000
1765544539.1735928,0,0,12418,1552.250
1765544539.1775665,0,0,12411,1551.375
1765544539.1815758,1,1,12853,1606.625
1765544539.1855795,0,0,14368,1796.000
1765544539.1895812,0,0,14070,1758.750
1765544539.193569,0,0,13777,1722.125
1765544539.1975589,0,0,13681,1710.125
1765544539.2015414,1,1,13758,1719.750
1765544539.2055376,0,0,14412,1801.500
1765544539.2095375,0,0,14338,1792.250
1765544539.2135422,0,0,14308,1788.500
1765544539.2175386,0,0,14253,1781.625
1765544539.2215405,1,1,14342,1792.750
1765544539.2255492,0,0,14946,1868.250
1765544539.2295444,0,0,14952,1869.000
1765544539.233527,0,0,14905,1863.125
1765544539.2375183,0,0,15018,1877.250
1765544539.2415333,1,1,14365,1795.625
1765544539.2455342,0,0,14014,1751.750
1765544539.249534,0,0,13894,1736.750
1765544539.253528,0,0,13726,1715.750
1765544539.2575202,0,0,13622,1702.750
1765544539.2615376,1,1,13645,1705.625
1765544539.2655382,0,0,13955,1744.375
1765544539.2695348,0,0,13909,1738.625
1765544539.2735374,0,0,13741,1717.625
1765544539.2775366,0,0,13634,1704.250
1765544539.2815413,1,1,13757,1719.625
1765544539.2855375,0,0,14888,1861.000
1765544539.2895327,0,0,14398,1799.750
1765544539.293525,0,0,13936,1742.000
1765544539.2975206,0,0,13696,1712.000
1765544539.3015845,1,1,13754,1719.250
1765544539.3055825,0,0,14900,1862.500
1765544539.3095782,0,0,14431,1803.875
1765544539.3135798,0,0,13951,1743.875
1765544539.3175802,0,0,13710,1713.750
1765544539.3215857,1,1,13776,1722.000
1765544539.3255842,0,0,15099,1887.375
1765544539.3295772,0,0,14546,1818.250
1765544539.333582,0,0,14003,1750.375
1765544539.3375812,0,0,13727,1715.875
1765544539.3415837,1,1,13743,1717.875
1765544539.345584,0,0,14863,1857.875
1765544539.349576,0,0,14479,1809.875
1765544539.353576,0,0,14009,1751.125
1765544539.3575747,0,0,13750,1718.750
1765544539.361585,1,1,13737,1717.125
1765544539.3655634,0,0,14814,1851.750
1765544539.3696702,0,0,14499,1812.375
1765544539.3735921,0,0,14031,1753.875
1765544539.3775756,0,0,13772,1721.500
1765544539.3815813,1,1,13764,1720.500
1765544539.3855808,0,0,14969,1871.125
1765544539.3895805,0,0,14601,1825.125
1765544539.393565,0,0,14034,1754.250
1765544539.397558,0,0,13713,1714.125
1765544539.4015381,1,1,13661,1707.625
1765544539.4055305,0,0,14847,1855.875
1765544539.4095285,0,0,14565,1820.625
1765544539.413552,0,0,14001,1750.125
1765544539.4175203,0,0,13687,1710.875
1765544539.421526,1,1,13637,1704.625
1765544539.4255362,0,0,14750,1843.750
1765544539.429536,0,0,14519,1814.875
1765544539.4335523,0,0,13972,1746.500
1765544539.4375322,0,0,13670,1708.750
1765544539.441552,1,1,13632,1704.000
1765544539.4455235,0,0,15014,1876.750
1765544539.449516,0,0,14015,1751.875
1765544539.4535322,0,0,13667,1708.375
1765544539.457539,0,0,13566,1695.750
1765544539.4615283,1,1,14736,1842.000
1765544539.465526,0,0,14573,1821.625
1765544539.4695306,0,0,13930,1741.250
1765544539.4735367,0,0,13568,1696.000
1765544539.477535,0,0,13553,1694.125
1765544539.481536,1,1,15094,1886.750
1765544539.4855337,0,0,14898,1862.250
1765544539.4895334,0,0,14167,1770.875
1765544539.493538,0,0,13773,1721.625
1765544539.497534,0,0,13641,1705.125
1765544539.5015376,1,1,14849,1856.125
1765544539.5055323,0,0,14754,1844.250
1765544539.5095303,0,0,14034,1754.250
1765544539.5135348,0,0,13656,1707.000
1765544539.5175323,0,0,13552,1694.000
1765544539.5215344,1,1,14883,1860.375
1765544539.525536,0,0,14867,1858.375
1765544539.5295322,0,0,14101,1762.625
1765544539.5335252,0,0,13694,1711.750
1765544539.5375185,0,0,13564,1695.500
1765544539.5415258,1,1,14797,1849.625
1765544539.5455332,0,0,14786,1848.250
1765544539.5495312,0,0,14013,1751.625
1765544539.5535312,0,0,13606,1700.750
1765544539.557533,0,0,13442,1680.250
1765544539.5615368,1,1,13962,1745.250
1765544539.5655296,0,0,14121,1765.125
1765544539.5749469,0,0,13449,1681.125
1765544539.5775778,0,0,13389,1673.625
1765544539.5815454,1,1,14706,1838.250
1765544539.5855737,0,0,14934,1866.750
1765544539.5895348,0,0,14066,1758.250
1765544539.593535,0,0,13619,1702.375
1765544539.5975325,0,0,13451,1681.375
1765544539.6015408,1,1,14629,1828.625
1765544539.6055198,0,0,14918,1864.750
1765544539.6095142,0,0,14045,1755.625
1765544539.6135182,0,0,13589,1698.625
1765544539.6175253,0,0,13419,1677.375
1765544539.6215405,1,1,14580,1822.500
1765544539.6255364,0,0,14987,1873.375
1765544539.6295283,0,0,14078,1759.750
1765544539.633538,0,0,13612,1701.500
1765544539.637526,0,0,13429,1678.625
1765544539.6415303,1,1,14386,1798.250
1765544539.6455314,0,0,14897,1862.125
1765544539.6495404,0,0,14070,1758.750
1765544539.653529,0,0,13624,1703.000
1765544539.6575246,0,0,13445,1680.625
1765544539.6615322,1,1,14460,1807.500
1765544539.665542,0,0,15020,1877.500
1765544539.6695273,0,0,14139,1767.375
1765544539.673525,0,0,13645,1705.625
1765544539.6775253,0,0,13426,1678.250
1765544539.6815398,1,1,13934,1741.750
1765544539.685531,0,0,14504,1813.000
1765544539.6895273,0,0,13906,1738.250
1765544539.6935265,0,0,13563,1695.375
1765544539.6975355,0,0,13427,1678.375
1765544539.7015727,1,1,14555,1819.375
1765544539.7055867,0,0,15402,1925.250
1765544539.7095706,0,0,14245,1780.625
1765544539.7135704,0,0,13630,1703.750
1765544539.7175677,0,0,13339,1667.375
1765544539.7215872,1,1,14119,1764.875
1765544539.7255688,0,0,14959,1869.875
1765544539.7295685,0,0,14042,1755.250
1765544539.7335765,0,0,13548,1693.500
1765544539.737584,0,0,13286,1660.750
1765544539.7415724,1,1,13865,1733.125
1765544539.7455673,0,0,14695,1836.875
1765544539.7495708,0,0,13733,1716.625
1765544539.7535825,0,0,13199,1649.875
1765544539.7575703,0,0,12979,1622.375
1765544539.7615669,1,1,13635,1704.375
1765544539.7682922,0,0,13517,1689.625
1765544539.7702267,0,0,13517,1689.625
1765544539.7736385,0,0,12927,1615.875
1765544539.7775702,0,0,12698,1587.250
1765544539.7815602,1,1,13707,1713.375
1765544539.7855682,0,0,15091,1886.375
1765544539.7895503,0,0,13785,1723.125
1765544539.7935548,0,0,13195,1649.375
1765544539.7975523,0,0,13079,1634.875
1765544539.8015237,1,1,14128,1766.000
1765544539.8055265,0,0,15600,1950.000
1765544539.8095365,0,0,14172,1771.500
1765544539.813534,0,0,13357,1669.625
1765544539.81753,0,0,12980,1622.500
1765544539.8215346,1,1,13425,1678.125
1765544539.8255348,0,0,14582,1822.750
1765544539.8295262,0,0,13431,1678.875
1765544539.8335278,0,0,12793,1599.125
1765544539.8375244,0,0,12522,1565.250
1765544539.8415308,1,1,13214,1651.750
1765544539.845602,0,0,14722,1840.250
1765544539.8495243,0,0,13347,1668.375
1765544539.8535244,0,0,12612,1576.500
1765544539.8575246,0,0,12319,1539.875
1765544539.861526,1,1,12957,1619.625
1765544539.8655214,0,0,14580,1822.500
1765544539.8695111,0,0,13195,1649.375
1765544539.873515,0,0,12438,1554.750
1765544539.8775156,0,0,12150,1518.750
1765544539.8815284,1,1,12744,1593.000
1765544539.8855278,0,0,14536,1817.000
1765544539.8895345,0,0,13160,1645.000
1765544539.8935277,0,0,12381,1547.625
1765544539.8975217,0,0,12093,1511.625
1765544539.9015296,1,1,12752,1594.000
1765544539.905525,0,0,14607,1825.875
1765544539.9095116,0,0,13146,1643.250
1765544539.9135418,0,0,12332,1541.500
1765544539.9175282,0,0,12027,1503.375
1765544539.921546,1,0,12255,1531.875
1765544539.925532,0,0,13726,1715.750
1765544539.9295256,0,0,12696,1587.000
1765544539.9335318,0,0,12089,1511.125
1765544539.9375381,0,0,11856,1482.000
1765544539.9415298,1,1,11827,1478.375
1765544539.9455295,0,0,12524,1565.500
1765544539.9495273,0,0,11969,1496.125
1765544539.95354,0,0,11590,1448.750
1765544539.9575238,0,0,11441,1430.125
1765544539.961529,1,0,11402,1425.250
1765544539.9655287,0,0,11851,1481.375
1765544539.9695382,0,0,11537,1442.125
1765544539.9736042,0,0,11324,1415.500
1765544539.9775386,0,0,11258,1407.250
1765544539.9815311,1,0,11251,1406.375
1765544539.9855227,0,0,11433,1429.125
1765544539.989512,0,0,11341,1417.625
1765544539.9935284,0,0,11244,1405.500
1765544539.997524,0,0,11224,1403.000
1765544540.0015428,1,0,11237,1404.625
1765544540.005514,0,0,11446,1430.750
1765544540.0095124,0,0,11372,1421.500
1765544540.0135345,0,0,11274,1409.250
1765544540.01753,0,0,11258,1407.250
1765544540.02153,1,1,11274,1409.250
1765544540.0255275,0,0,11516,1439.500
1765544540.029527,0,0,11438,1429.750
1765544540.0335264,0,0,11327,1415.875
1765544540.0375278,0,0,11310,1413.750
1765544540.0415292,1,0,11331,1416.375
1765544540.0455256,0,0,11640,1455.000
1765544540.049529,0,0,11545,1443.125
1765544540.0535343,0,0,11409,1426.125
1765544540.057515,0,0,11386,1423.250
1765544540.061526,1,1,11738,1467.250
1765544540.0655253,0,0,11638,1454.750
1765544540.0695238,0,0,11475,1434.375
1765544540.0735116,0,0,11423,1427.875
1765544540.077511,0,0,11418,1427.250
1765544540.0815237,1,1,11655,1456.875
1765544540.0855246,0,0,11571,1446.375
1765544540.0895238,0,0,11436,1429.500
1765544540.093531,0,0,11399,1424.875
1765544540.097537,0,0,11399,1424.875
1765544540.1015308,1,1,11537,1442.125
1765544540.1055233,0,0,11510,1438.750
1765544540.109522,0,0,11419,1427.375
1765544540.1135228,0,0,11392,1424.000
1765544540.1175096,0,0,11399,1424.875
1765544540.121515,1,1,11555,1444.375
1765544540.1255271,0,0,11531,1441.375
1765544540.1295347,0,0,11444,1430.500
1765544540.1335258,0,0,11434,1429.250
1765544540.1375248,0,0,11449,1431.125
1765544540.1415317,1,0,11629,1453.625
1765544540.14554,0,0,11630,1453.750
1765544540.1495218,0,0,11526,1440.750
1765544540.1535206,0,0,11504,1438.000
1765544540.1575196,0,0,11520,1440.000
1765544540.1615396,1,1,11748,1468.500
1765544540.1655273,0,0,11762,1470.250
1765544540.1695225,0,0,11626,1453.250
1765544540.1736002,0,0,11592,1449.000
1765544540.1775472,0,0,11610,1451.250
1765544540.1815345,1,0,12533,1566.625
1765544540.1855083,0,0,12390,1548.750
1765544540.189509,0,0,11872,1484.000
1765544540.1935327,0,0,11716,1464.500
1765544540.1975236,0,0,11743,1467.875
1765544540.2015293,1,1,13399,1674.875
1765544540.2055135,0,0,13048,1631.000
1765544540.2095168,0,0,12130,1516.250
1765544540.2135267,0,0,11836,1479.500
1765544540.2175229,0,0,11797,1474.625
1765544540.2215273,1,1,13222,1652.750
1765544540.225526,0,0,13038,1629.750
1765544540.2295237,0,0,12179,1522.375
1765544540.233525,0,0,11907,1488.375
1765544540.237522,0,0,11871,1483.875
1765544540.2415273,1,1,13277,1659.625
1765544540.2455297,0,0,13196,1649.500
1765544540.2495265,0,0,12310,1538.750
1765544540.2535293,0,0,12024,1503.000
1765544540.257521,0,0,11996,1499.500
1765544540.261531,1,0,13532,1691.500
1765544540.2655246,0,0,13560,1695.000
1765544540.2695248,0,0,12535,1566.875
1765544540.273514,0,0,12192,1524.000
1765544540.277508,0,0,12147,1518.375
1765544540.2815173,1,1,13721,1715.125
1765544540.2855225,0,0,13857,1732.125
1765544540.2895246,0,0,12756,1594.500
1765544540.2935166,0,0,12384,1548.000
1765544540.2975075,0,0,12339,1542.375
1765544540.3015213,1,0,14022,1752.750
1765544540.305527,0,0,14289,1786.125
1765544540.309523,0,0,13045,1630.625
1765544540.313523,0,0,12576,1572.000
1765544540.3175206,0,0,12448,1556.000
1765544540.3215246,1,1,13769,1721.125
1765544540.3255243,0,0,14239,1779.875
1765544540.3295214,0,0,13195,1649.375
1765544540.3335252,0,0,12780,1597.500
1765544540.3375225,0,0,12677,1584.625
1765544540.341525,1,1,13619,1702.375
1765544540.3455215,0,0,14231,1778.875
1765544540.3495202,0,0,13446,1680.750
1765544540.3535204,0,0,13104,1638.000
1765544540.3575199,0,0,13047,1630.875
1765544540.3615282,1,1,13889,1736.125
1765544540.3655052,0,0,14612,1826.500
1765544540.369503,0,0,14194,1774.250
1765544540.3735938,0,0,13971,1746.375
1765544540.377537,0,0,13877,1734.625
1765544540.381532,1,1,13924,1740.500
1765544540.385507,0,0,14059,1757.375
1765544540.3895035,0,0,13991,1748.875
1765544540.39352,0,0,13857,1732.125
1765544540.397518,0,0,13778,1722.250
1765544540.4015205,1,0,13809,1726.125
1765544540.4055085,0,0,13909,1738.625
1765544540.4095042,0,0,13886,1735.750
1765544540.4135306,0,0,13719,1714.875
1765544540.4175124,0,0,13632,1704.000
1765544540.421518,1,1,13756,1719.500
1765544540.4255242,0,0,14113,1764.125
1765544540.429565,0,0,13877,1734.625
1765544540.43352,0,0,13663,1707.875
1765544540.437505,0,0,13578,1697.250
1765544540.4415104,1,0,13812,1726.500
1765544540.4455087,0,0,14553,1819.125
1765544540.4495072,0,0,14215,1776.875
1765544540.4535203,0,0,13925,1740.625
1765544540.4575226,0,0,13783,1722.875
1765544540.4615273,1,1,13850,1731.250
1765544540.465509,0,0,14256,1782.000
1765544540.4695063,0,0,14073,1759.125
1765544540.4735222,0,0,13867,1733.375
1765544540.4775183,0,0,13756,1719.500
1765544540.4815218,1,0,13945,1743.125
1765544540.485523,0,0,14648,1831.000
1765544540.4895215,0,0,14281,1785.125
1765544540.4935117,0,0,13999,1749.875
1765544540.4975019,0,0,13823,1727.875
1765544540.5015152,1,1,13913,1739.125
1765544540.505524,0,0,14497,1812.125
1765544540.5095212,0,0,14158,1769.750
1765544540.513519,0,0,13875,1734.375
1765544540.5175166,0,0,13751,1718.875
1765544540.521524,1,0,13837,1729.625
1765544540.525522,0,0,14532,1816.500
1765544540.5295186,0,0,14184,1773.000
1765544540.533523,0,0,13887,1735.875
1765544540.5375168,0,0,13729,1716.125
1765544540.5415194,1,1,13921,1740.125
1765544540.545517,0,0,14955,1869.375
1765544540.5495186,0,0,14468,1808.500
1765544540.5535192,0,0,14128,1766.000
1765544540.5575194,0,0,13944,1743.000
1765544540.561519,1,1,14039,1754.875
1765544540.5655196,0,0,14836,1854.500
1765544540.5695188,0,0,14396,1799.500
1765544540.5789528,1,1,13657,1707.125
1765544540.5815482,1,1,13657,1707.125
1765544540.585505,0,0,14579,1822.375
1765544540.5895,0,0,14214,1776.750
1765544540.5935225,0,0,13850,1731.250
1765544540.5975192,0,0,13674,1709.250
1765544540.6015239,1,1,13871,1733.875
1765544540.605504,0,0,15159,1894.875
1765544540.6094997,0,0,14477,1809.625
1765544540.6135073,0,0,13903,1737.875
1765544540.6175063,0,0,13575,1696.875
1765544540.6215112,1,1,13514,1689.250
1765544540.6255195,0,0,14383,1797.875
1765544540.6295166,0,0,13795,1724.375
1765544540.6335225,0,0,13353,1669.125
1765544540.6375268,0,0,13201,1650.125
1765544540.6415284,1,0,13410,1676.250
1765544540.6455042,0,0,14787,1848.375
1765544540.6494982,0,0,14224,1778.000
1765544540.6535118,0,0,13699,1712.375
1765544540.657504,0,0,13418,1677.250
1765544540.661517,1,1,13495,1686.875
1765544540.6655185,0,0,14785,1848.125
1765544540.6695123,0,0,14262,1782.750
1765544540.6735184,0,0,13741,1717.625
1765544540.6775188,0,0,13543,1692.875
1765544540.6815221,1,0,14910,1863.750
1765544540.68552,0,0,14438,1804.750
1765544540.6895165,0,0,13934,1741.750
1765544540.6935186,0,0,13663,1707.875
1765544540.6975138,0,0,13757,1719.625
1765544540.701521,1,1,15318,1914.750
1765544540.7055202,0,0,14838,1854.750
1765544540.7095158,0,0,14267,1783.375
1765544540.7135162,0,0,13860,1732.500
1765544540.7175145,0,0,13757,1719.625
1765544540.7215235,1,1,14590,1823.750
1765544540.7255223,0,0,14418,1802.250
1765544540.7295175,0,0,13968,1746.000
1765544540.7335043,0,0,13665,1708.125
1765544540.737499,0,0,13657,1707.125
1765544540.7415156,1,0,14925,1865.625
1765544540.7455165,0,0,14565,1820.625
1765544540.7495148,0,0,13936,1742.000
1765544540.7535126,0,0,13597,1699.625
1765544540.7575119,0,0,13553,1694.125
1765544540.7615166,1,0,14868,1858.500
1765544540.767793,0,0,14552,1819.000
1765544540.7696834,0,0,13961,1745.125
1765544540.7735116,0,0,13643,1705.375
1765544540.777573,0,0,13573,1696.625
1765544540.781517,1,0,14770,1846.250
1765544540.785509,0,0,14586,1823.250
1765544540.7895036,0,0,14075,1759.375
1765544540.7935064,0,0,13796,1724.500
1765544540.7974997,0,0,13747,1718.375
1765544540.8015084,1,0,14853,1856.625
1765544540.8055077,0,0,14758,1844.750
1765544540.809502,0,0,14252,1781.500
1765544540.813518,0,0,13960,1745.000
1765544540.8175147,0,0,13857,1732.125
1765544540.821517,1,1,14690,1836.250
1765544540.825543,0,0,14670,1833.750
1765544540.8295455,0,0,14051,1756.375
1765544540.8337226,0,0,13702,1712.750
1765544540.8376966,0,0,13595,1699.375
1765544540.8415391,1,1,14393,1799.125
1765544540.8455882,0,0,14375,1796.875
1765544540.8495133,0,0,13896,1737.000
1765544540.8535159,0,0,13616,1702.000
1765544540.8575118,0,0,13573,1696.625
1765544540.8615117,1,1,15043,1880.375
1765544540.865511,0,0,15029,1878.625
1765544540.869511,0,0,14375,1796.875
1765544540.8735154,0,0,13968,1746.000
1765544540.8775113,0,0,13815,1726.875
1765544540.8815143,1,1,14569,1821.125
1765544540.8855166,0,0,14796,1849.500
1765544540.8895123,0,0,14335,1791.875
1765544540.893509,0,0,14009,1751.125
1765544540.8975012,0,0,13883,1735.375
1765544540.9015088,1,1,14300,1787.500
1765544540.9055085,0,0,14485,1810.625
1765544540.909507,0,0,14177,1772.125
1765544540.9135273,0,0,13968,1746.000
1765544540.917517,0,0,13890,1736.250
1765544540.921518,1,1,14634,1829.250
1765544540.925504,0,0,14966,1870.750
1765544540.9294987,0,0,14604,1825.500
1765544540.9335172,0,0,14459,1807.375
1765544540.9375148,0,0,14312,1789.000
1765544540.941519,0,0,13861,1732.625
1765544540.9455178,0,0,13596,1699.500
1765544540.949511,0,0,13011,1626.375
1765544540.9535103,0,0,12716,1589.500
1765544540.957511,0,0,12610,1576.250
1765544540.9615192,1,0,12916,1614.500
1765544540.965518,0,0,13118,1639.750
1765544540.9695113,0,0,12815,1601.875
1765544540.9735165,0,0,12643,1580.375
1765544540.9775946,0,0,12589,1573.625
1765544540.981539,1,1,12891,1611.375
1765544540.9855025,0,0,13158,1644.750
1765544540.989498,0,0,12892,1611.500
1765544540.9935172,0,0,12712,1589.000
1765544540.9975104,0,0,12681,1585.125
1765544541.0015182,1,1,13896,1737.000
1765544541.0055015,0,0,14471,1808.875
1765544541.0094981,0,0,13518,1689.750
1765544541.0135171,0,0,13055,1631.875
1765544541.017513,0,0,12913,1614.125
1765544541.0215168,1,0,14524,1815.500
1765544541.0255158,0,0,15221,1902.625
1765544541.0295146,0,0,13871,1733.875
1765544541.0335176,0,0,13210,1651.250
1765544541.0375118,0,0,12917,1614.625
1765544541.0415187,1,1,13974,1746.750
1765544541.045502,0,0,14653,1831.625
1765544541.0494998,0,0,13602,1700.250
1765544541.0535188,0,0,13076,1634.500
1765544541.0575144,0,0,12855,1606.875
1765544541.0615172,0,0,13637,1704.625
1765544541.0654988,0,0,14440,1805.000
1765544541.0694969,0,0,13499,1687.375
1765544541.0735142,0,0,13035,1629.375
1765544541.07751,0,0,12836,1604.500
1765544541.0815158,1,1,13561,1695.125
1765544541.085499,0,0,14409,1801.125
1765544541.0894985,0,0,13521,1690.125
1765544541.0935173,0,0,13056,1632.000
1765544541.0975134,0,0,12851,1606.375
1765544541.101515,1,0,13686,1710.750
1765544541.1055145,0,0,14720,1840.000
1765544541.1095116,0,0,13650,1706.250
1765544541.1135006,0,0,13072,1634.000
1765544541.117495,0,0,12831,1603.875
1765544541.1215005,1,1,13872,1734.000
1765544541.125512,0,0,15085,1885.625
1765544541.1295104,0,0,13840,1730.000
1765544541.1335173,0,0,13187,1648.375
1765544541.1375146,0,0,12909,1613.625
1765544541.1415172,0,0,13415,1676.875
1765544541.14551,0,0,14491,1811.375
1765544541.149509,0,0,13560,1695.000
1765544541.153514,0,0,13027,1628.375
1765544541.157512,0,0,12782,1597.750
1765544541.1615143,1,0,13098,1637.250
1765544541.1655138,0,0,14151,1768.875
1765544541.1695094,0,0,13423,1677.875
1765544541.1735125,0,0,12981,1622.625
1765544541.1775875,0,0,12781,1597.625
1765544541.1815364,1,0,13561,1695.125
1765544541.1855006,0,0,15076,1884.500
1765544541.1894948,0,0,13857,1732.125
1765544541.19351,0,0,13142,1642.750
1765544541.197512,0,0,12816,1602.000
1765544541.2015207,1,1,13432,1679.000
1765544541.2054992,0,0,14983,1872.875
1765544541.2094927,0,0,13808,1726.000
1765544541.213514,0,0,13131,1641.375
1765544541.2175136,0,0,12819,1602.375
1765544541.2215164,1,1,13164,1645.500
1765544541.2255163,0,0,14533,1816.625
1765544541.2295084,0,0,13645,1705.625
1765544541.2335093,0,0,13082,1635.250
1765544541.237509,0,0,12810,1601.250
1765544541.241517,1,1,13082,1635.250
1765544541.2455153,0,0,14439,1804.875
1765544541.2495117,0,0,13648,1706.000
1765544541.2535124,0,0,13117,1639.625
1765544541.2575088,0,0,12869,1608.625
1765544541.2615163,1,0,13152,1644.000
1765544541.2655125,0,0,14629,1828.625
1765544541.269511,0,0,13735,1716.875
1765544541.273512,0,0,13072,1634.000
1765544541.2775197,0,0,12788,1598.500
1765544541.2815204,1,0,13065,1633.125
1765544541.2854986,0,0,14598,1824.750
1765544541.2894967,0,0,13794,1724.250
1765544541.2935097,0,0,12919,1614.875
1765544541.2975094,0,0,13164,1645.500
1765544541.301514,1,0,14693,1836.625
1765544541.305498,0,0,13969,1746.125
1765544541.3094928,0,0,13428,1678.500
1765544541.3135166,0,0,13190,1648.750
1765544541.317507,0,0,13422,1677.750
1765544541.3215141,1,1,15073,1884.125
1765544541.325512,0,0,14679,1834.875
1765544541.329509,0,0,14375,1796.875
1765544541.33351,0,0,14204,1775.500
1765544541.3375115,0,0,14086,1760.750
1765544541.3415108,1,1,14050,1756.250
1765544541.3455088,0,0,14226,1778.250
1765544541.3495088,0,0,14222,1777.750
1765544541.3535078,0,0,14187,1773.375
1765544541.3575091,0,0,14141,1767.625
1765544541.3615122,1,0,14290,1786.250
1765544541.3654945,0,0,14371,1796.375
1765544541.369491,0,0,14292,1786.500
1765544541.3735065,0,0,14174,1771.750
1765544541.3775756,1,1,14124,1765.500
1765544541.3815296,0,0,14154,1769.250
1765544541.3854945,0,0,13177,1647.125
1765544541.3894916,0,0,12571,1571.375
1765544541.393512,0,0,12289,1536.125
1765544541.3975086,0,0,12215,1526.875
1765544541.4015112,0,0,12396,1549.500
1765544541.4054937,0,0,12387,1548.375
1765544541.4094915,0,0,12244,1530.500
1765544541.413523,0,0,12166,1520.750
1765544541.4175143,0,0,12178,1522.250
1765544541.4215178,1,0,12600,1575.000
1765544541.4255078,0,0,12553,1569.125
1765544541.4295065,0,0,12339,1542.375
1765544541.433499,0,0,12234,1529.250
1765544541.4374928,0,0,12241,1530.125
1765544541.4415076,0,0,12981,1622.625
1765544541.4455104,0,0,12874,1609.250
1765544541.449507,0,0,12499,1562.375
1765544541.4535077,0,0,12330,1541.250
1765544541.4574926,0,0,12495,1561.875
1765544541.4615011,0,0,14522,1815.250
1765544541.465514,0,0,13877,1734.625
1765544541.469512,0,0,12925,1615.625
1765544541.4734967,0,0,12503,1562.875
1765544541.4774919,0,0,12491,1561.375
1765544541.4815042,0,0,14252,1781.500
1765544541.485509,0,0,13747,1718.375
1765544541.489506,0,0,12879,1609.875
1765544541.4934974,0,0,12489,1561.125
1765544541.497491,0,1,12439,1554.875
1765544541.50151,1,0,14022,1752.750
1765544541.5055106,0,0,13689,1711.125
1765544541.5095062,0,0,12894,1611.750
1765544541.5135033,0,0,12531,1566.375
1765544541.5175033,1,1,12489,1561.125
1765544541.5215127,0,0,14109,1763.625
1765544541.5255084,0,0,13829,1728.625
1765544541.5295057,0,0,12968,1621.000
1765544541.5334952,0,0,12572,1571.500
1765544541.537489,1,1,12489,1561.125
1765544541.541502,0,0,13954,1744.250
1765544541.545507,0,0,13749,1718.625
1765544541.5495055,0,0,12934,1616.750
1765544541.553508,0,0,12563,1570.375
1765544541.5575025,1,1,12458,1557.250
1765544541.5615077,1,0,13662,1707.750
1765544541.5655107,0,0,13619,1702.375
1765544541.569508,0,0,12879,1609.875
1765544541.573511,0,0,12537,1567.125
1765544541.5828373,0,0,13759,1719.875
1765544541.5855322,0,0,13755,1719.375
1765544541.5895114,0,0,12942,1617.750
1765544541.593496,0,0,12572,1571.500
1765544541.597488,1,1,12457,1557.125
1765544541.601509,0,0,13623,1702.875
1765544541.6055052,0,0,13733,1716.625
1765544541.6095068,0,0,12930,1616.250
1765544541.6135006,0,0,12556,1569.500
1765544541.617488,1,1,12461,1557.625
1765544541.621501,1,0,13842,1730.250
1765544541.6255054,0,0,13975,1746.875
1765544541.629503,0,0,13046,1630.750
1765544541.6335073,0,0,12606,1575.750
1765544541.637526,1,1,12450,1556.250
1765544541.6415186,1,0,13423,1677.875
1765544541.6454947,0,0,13654,1706.750
1765544541.6494908,0,0,12909,1613.625
1765544541.6535075,0,0,12559,1569.875
1765544541.657508,1,1,12425,1553.125
1765544541.6615102,0,0,13437,1679.625
1765544541.6654894,0,0,13795,1724.375
1765544541.6694856,0,0,12953,1619.125
1765544541.673508,0,0,12557,1569.625
1765544541.6775055,1,1,12412,1551.500
1765544541.6815107,1,0,13319,1664.875
1765544541.6855037,0,0,13731,1716.375
1765544541.6895049,0,0,12945,1618.125
1765544541.6934972,0,0,12566,1570.750
1765544541.6974874,1,1,12427,1553.375
1765544541.7015526,1,0,13391,1673.875
1765544541.7055435,0,0,13991,1748.875
1765544541.7095413,0,0,13059,1632.375
1765544541.7135441,0,0,12607,1575.875
1765544541.7175436,1,1,12440,1555.000
1765544541.721549,0,0,13627,1703.375
1765544541.725547,0,0,14392,1799.000
1765544541.7295427,0,0,13237,1654.625
1765544541.7335422,0,0,12688,1586.000
1765544541.737542,1,1,12469,1558.625
1765544541.741549,0,0,13397,1674.625
1765544541.7455482,0,0,14170,1771.250
1765544541.7495396,0,0,13145,1643.125
1765544541.7535408,0,0,12656,1582.000
1765544541.7575443,1,1,12456,1557.000
1765544541.7615488,1,0,13097,1637.125
1765544541.768284,0,0,13014,1626.750
1765544541.77022,0,0,13014,1626.750
1765544541.7735355,0,0,12593,1574.125
1765544541.7775266,1,1,12424,1553.000
1765544541.7815976,0,0,12865,1608.125
1765544541.785545,0,0,13668,1708.500
1765544541.7895305,0,0,12946,1618.250
1765544541.7935283,0,0,12565,1570.625
1765544541.7975247,1,1,12419,1552.375
1765544541.8014941,0,0,13138,1642.250
1765544541.805488,0,0,14254,1781.750
1765544541.8094862,0,0,13193,1649.125
1765544541.8134859,0,0,12651,1581.375
1765544541.817485,1,1,12440,1555.000
1765544541.8214939,0,0,13160,1645.000
1765544541.825504,0,0,14402,1800.250
1765544541.8295016,0,0,13242,1655.250
1765544541.8335006,0,0,12659,1582.375
1765544541.8374972,1,1,12423,1552.875
1765544541.8415017,0,0,12954,1619.250
1765544541.8455603,0,0,14152,1769.000
1765544541.849513,0,0,13191,1648.875
1765544541.8534994,0,0,12669,1583.625
1765544541.8574846,1,1,12450,1556.250
1765544541.861503,1,0,13131,1641.375
1765544541.8654976,0,0,14612,1826.500
1765544541.8694873,0,0,13396,1674.500
1765544541.8734913,0,0,12730,1591.250
1765544541.8774884,1,1,12454,1556.750
1765544541.8815022,0,0,13103,1637.875
1765544541.8854992,0,0,14664,1833.000
1765544541.8895025,0,0,13440,1680.000
1765544541.8935068,0,0,12751,1593.875
1765544541.8974998,1,1,12464,1558.000
1765544541.901502,0,0,12845,1605.625
1765544541.9054995,0,0,13296,1662.000
1765544541.9094975,0,0,12686,1585.750
1765544541.9135308,0,0,12428,1553.500
1765544541.917504,1,1,12917,1614.625
1765544541.9215062,0,0,14598,1824.750
1765544541.9255044,0,0,13464,1683.000
1765544541.9294991,0,0,12763,1595.375
1765544541.9335067,0,0,12460,1557.500
1765544541.9375029,1,1,12954,1619.250
1765544541.941505,0,0,14731,1841.375
1765544541.945483,0,0,13541,1692.625
1765544541.949482,0,0,12785,1598.125
1765544541.9535034,0,0,12458,1557.250
1765544541.957503,1,1,12835,1604.375
1765544541.9615064,0,0,14612,1826.500
1765544541.9655035,0,0,13500,1687.500
1765544541.969499,0,0,12764,1595.500
1765544541.9735062,0,0,12446,1555.750
1765544541.9775012,1,1,12624,1578.000
1765544541.9815798,0,0,14144,1768.000
1765544541.9855127,0,0,13292,1661.500
1765544541.9895024,0,0,12673,1584.125
1765544541.9934862,0,0,12402,1550.250
1765544541.9974856,1,1,12507,1563.375
1765544542.0014966,0,0,13869,1733.625
1765544542.0055034,0,0,13194,1649.250
1765544542.0094986,0,0,12641,1580.125
1765544542.0134928,0,0,12397,1549.625
1765544542.0174854,1,1,12660,1582.500
1765544542.021498,0,0,14509,1813.625
1765544542.0255032,0,0,13590,1698.750
1765544542.029501,0,0,12820,1602.500
1765544542.0334978,0,0,12473,1559.125
1765544542.0374985,1,1,12712,1589.000
1765544542.0415063,0,0,14656,1832.000
1765544542.0455058,0,0,13694,1711.750
1765544542.0495014,0,0,12881,1610.125
1765544542.0535014,0,0,12512,1564.000
1765544542.0574996,1,1,12612,1576.500
1765544542.0615044,0,0,14357,1794.625
1765544542.0655122,0,0,13585,1698.125
1765544542.0695028,0,0,12804,1600.500
1765544542.0734868,0,0,12451,1556.375
1765544542.07748,1,1,12625,1578.125
1765544542.0814965,0,0,14614,1826.750
1765544542.0855026,0,0,13756,1719.500
1765544542.0895004,0,0,12897,1612.125
1765544542.0934906,0,0,12506,1563.250
1765544542.0974839,1,1,12575,1571.875
1765544542.1014917,0,0,14424,1803.000
1765544542.105503,0,0,13721,1715.125
1765544542.1094987,0,0,12888,1611.000
1765544542.1134882,0,0,12513,1564.125
1765544542.1174774,1,1,12605,1575.625
1765544542.1214914,0,0,14573,1821.625
1765544542.1255014,0,0,13847,1730.875
1765544542.1294978,0,0,12929,1616.125
1765544542.1335046,0,0,12513,1564.125
1765544542.1374989,1,1,12539,1567.375
1765544542.141502,0,0,14417,1802.125
1765544542.1454978,0,0,13811,1726.375
1765544542.1494992,0,0,12916,1614.500
1765544542.1535017,0,0,12517,1564.625
1765544542.1574993,1,1,12501,1562.625
1765544542.1615014,0,0,14193,1774.125
1765544542.1654987,0,0,13736,1717.000
1765544542.1695023,0,0,12921,1615.125
1765544542.1735036,0,0,12533,1566.625
1765544542.1774979,1,1,12413,1551.625
1765544542.181573,0,0,13070,1633.750
1765544542.1855154,0,0,13005,1625.625
1765544542.1894999,0,0,12604,1575.500
1765544542.1934886,0,0,12403,1550.375
1765544542.1974816,1,1,12429,1553.625
1765544542.2014906,0,0,14087,1760.875
1765544542.2054977,0,0,13816,1727.000
1765544542.2094958,0,0,12954,1619.250
1765544542.2134907,0,0,12550,1568.750
1765544542.2174828,1,1,12478,1559.750
1765544542.2214918,0,0,14121,1765.125
1765544542.2255015,0,0,13904,1738.000
1765544542.2294953,0,0,12987,1623.375
1765544542.2335033,0,0,12560,1570.000
1765544542.2375095,1,1,12496,1562.000
1765544542.2415068,0,0,14286,1785.750
1765544542.2454832,0,0,14104,1763.000
1765544542.2494807,0,0,13069,1633.625
1765544542.2535012,0,0,12590,1573.750
1765544542.2575006,1,1,12495,1561.875
1765544542.2615023,0,0,14284,1785.500
1765544542.2654846,0,0,14184,1773.000
1765544542.2694798,0,0,13102,1637.750
1765544542.2735004,0,0,12598,1574.750
1765544542.2774994,1,1,12471,1558.875
1765544542.2815053,0,0,14140,1767.500
1765544542.2855015,0,0,14157,1769.625
1765544542.2894943,0,0,13082,1635.250
1765544542.2935,0,0,12591,1573.875
1765544542.2974982,1,1,12501,1562.625
1765544542.3015027,0,0,14418,1802.250
1765544542.305499,0,0,14473,1809.125
1765544542.309493,0,0,13210,1651.250
1765544542.3134954,0,0,12630,1578.750
1765544542.317493,1,1,12426,1553.250
1765544542.3215024,0,0,13674,1709.250
1765544542.3254995,0,0,13929,1741.125
1765544542.3294988,0,0,12977,1622.125
1765544542.3335,0,0,12531,1566.375
1765544542.3374937,1,1,12385,1548.125
1765544542.3415027,0,0,13678,1709.750
1765544542.345498,0,0,14030,1753.750
1765544542.3494966,0,0,13028,1628.500
1765544542.3534935,0,0,12564,1570.500
1765544542.3574939,1,1,12408,1551.000
1765544542.3615012,0,0,13636,1704.500
1765544542.3654845,0,0,14122,1765.250
1765544542.3694808,0,0,13071,1633.875
1765544542.373494,0,0,12577,1572.125
1765544542.3774908,1,1,12397,1549.625
1765544542.3815646,0,0,13654,1706.750
1765544542.3855102,0,0,14274,1784.250
1765544542.389496,0,0,13137,1642.125
1765544542.393485,0,0,12598,1574.750
1765544542.397475,1,1,12393,1549.125
1765544542.40149,0,0,13493,1686.625
1765544542.4054937,0,0,14227,1778.375
1765544542.4094913,0,0,13117,1639.625
1765544542.4136493,0,0,12581,1572.625
1765544542.417481,1,1,12375,1546.875
1765544542.4214869,0,0,13311,1663.875
1765544542.4254978,0,0,14143,1767.875
1765544542.4294996,0,0,13081,1635.125
1765544542.4334972,0,0,12576,1572.000
1765544542.4375386,1,1,12373,1546.625
1765544542.441507,0,0,13190,1648.750
1765544542.4454837,0,0,14030,1753.750
1765544542.449481,0,0,13050,1631.250
1765544542.453488,0,0,12561,1570.125
1765544542.4574804,1,1,12369,1546.125
1765544542.4614809,0,0,13123,1640.375
1765544542.465493,0,0,14117,1764.625
1765544542.4694908,0,0,13099,1637.375
1765544542.4734857,0,0,12584,1573.000
1765544542.4774787,1,1,12373,1546.625
1765544542.4814887,0,0,13229,1653.625
1765544542.485496,0,0,14408,1801.000
1765544542.4894907,0,0,13248,1656.000
1765544542.493499,0,0,12653,1581.625
1765544542.4974964,1,1,12411,1551.375
1765544542.5015025,0,0,13198,1649.750
1765544542.5054934,0,0,14480,1810.000
1765544542.5094917,0,0,13287,1660.875
1765544542.513497,0,0,12671,1583.875
1765544542.5174942,1,1,13240,1655.000
1765544542.5214984,0,0,14633,1829.125
1765544542.5254943,0,0,13358,1669.750
1765544542.5294933,0,0,12696,1587.000
1765544542.533497,0,0,12419,1552.375
1765544542.5374932,1,1,12910,1613.750
1765544542.541497,0,0,14211,1776.375
1765544542.5454946,0,0,13193,1649.125
1765544542.5494905,0,0,12625,1578.125
1765544542.5534885,0,0,12392,1549.000
1765544542.5574927,1,1,12897,1612.125
1765544542.5614998,0,0,14262,1782.750
1765544542.5654962,0,0,13240,1655.000
1765544542.5694902,0,0,12648,1581.000
1765544542.5734828,0,0,12399,1549.875
1765544542.577476,1,1,12802,1600.250
1765544542.5869162,0,0,13263,1657.875
1765544542.5895157,0,0,12663,1582.875
1765544542.593487,0,0,12407,1550.875
1765544542.5974758,1,1,12902,1612.750
1765544542.6014872,0,0,14552,1819.000
1765544542.6054943,0,0,13435,1679.375
1765544542.6094942,0,0,12736,1592.000
1765544542.613483,0,0,12434,1554.250
1765544542.6174746,1,1,12825,1603.125
1765544542.6214874,0,0,14483,1810.375
1765544542.6254973,0,0,13410,1676.250
1765544542.6294932,0,0,12722,1590.250
1765544542.6334896,0,0,12423,1552.875
1765544542.6374912,1,1,12731,1591.375
1765544542.641498,0,0,14368,1796.000
1765544542.6454985,0,0,13391,1673.875
1765544542.6494942,0,0,12720,1590.000
1765544542.653498,0,0,12428,1553.500
1765544542.6574914,1,1,12766,1595.750
1765544542.661494,0,0,14544,1818.000
1765544542.6654902,0,0,13500,1687.500
1765544542.6694927,0,0,12763,1595.375
1765544542.6734946,0,0,12441,1555.125
1765544542.6774907,1,1,12686,1585.750
1765544542.6814945,0,0,14406,1800.750
1765544542.685495,0,0,13459,1682.375
1765544542.6894941,0,0,12742,1592.750
1765544542.6934965,0,0,12426,1553.250
1765544542.6974907,1,1,12672,1584.000
1765544542.7015371,0,0,14495,1811.875
1765544542.705539,0,0,13555,1694.375
1765544542.7095351,0,0,12790,1598.750
1765544542.7135367,0,0,12450,1556.250
1765544542.7175343,1,1,12642,1580.250
1765544542.7215376,0,0,14464,1808.000
1765544542.7255366,0,0,13566,1695.750
1765544542.729537,0,0,12792,1599.000
1765544542.7335236,0,0,12445,1555.625
1765544542.7375164,1,1,12600,1575.000
1765544542.7415218,0,0,14422,1802.750
1765544542.7455335,0,0,13574,1696.750
1765544542.7495294,0,0,12781,1597.625
1765544542.7535298,0,0,12427,1553.375
1765544542.7575314,1,1,12495,1561.875
1765544542.761536,0,0,14171,1771.375
1765544542.768291,0,0,12767,1595.875
1765544542.7702293,0,0,12767,1595.875
1765544542.7735262,0,0,12437,1554.625
1765544542.77752,1,1,12594,1574.250
1765544542.781521,0,0,14598,1824.750
1765544542.785597,0,0,13769,1721.125
1765544542.7895224,0,0,12877,1609.625
1765544542.7935195,0,0,12477,1559.625
1765544542.797517,1,1,12510,1563.750
1765544542.8014898,0,0,14261,1782.625
1765544542.8054883,0,0,13623,1702.875
1765544542.8094842,0,0,12812,1601.500
1765544542.813487,0,0,12445,1555.625
1765544542.8174865,1,1,12480,1560.000
1765544542.8214924,0,0,14303,1787.875
1765544542.8254888,0,0,13719,1714.875
1765544542.8294835,0,0,12859,1607.375
1765544542.8334885,0,0,12466,1558.250
1765544542.837486,1,1,12518,1564.750
1765544542.8414907,0,0,14511,1813.875
1765544542.8454883,0,0,13899,1737.375
1765544542.8494933,0,0,12944,1618.000
1765544542.8534925,0,0,12509,1563.625
1765544542.8574877,1,1,12471,1558.875
1765544542.8614938,0,0,14214,1776.750
1765544542.865472,0,0,13753,1719.125
1765544542.8694751,0,0,12873,1609.125
1765544542.8734944,0,0,12470,1558.750
1765544542.8774872,1,1,12391,1548.875
1765544542.881497,0,0,13882,1735.250
1765544542.8854768,0,0,13615,1701.875
1765544542.8894746,0,0,12821,1602.625
1765544542.8934896,0,0,12458,1557.250
1765544542.897486,1,1,12394,1549.250
1765544542.9014926,0,0,13988,1748.500
1765544542.9054785,0,0,13759,1719.875
1765544542.9094741,0,0,12886,1610.750
1765544542.9135096,0,0,12482,1560.250
1765544542.917495,1,1,12414,1551.750
1765544542.921498,0,0,14097,1762.125
1765544542.9254925,0,0,13900,1737.500
1765544542.9294899,0,0,12945,1618.125
1765544542.9334948,0,0,12507,1563.375
1765544542.9374874,1,1,12378,1547.250
1765544542.9414923,0,0,13693,1711.625
1765544542.9454868,0,0,13673,1709.125
1765544542.949489,0,0,12846,1605.750
1765544542.953492,0,0,12462,1557.750
1765544542.9574866,1,1,12413,1551.625
1765544542.9614909,0,0,14228,1778.500
1765544542.9654737,0,0,14134,1766.750
1765544542.9694722,0,0,13050,1631.250
1765544542.9734895,0,0,12549,1568.625
1765544542.9774895,1,1,12373,1546.625
1765544542.9814909,0,0,13509,1688.625
1765544542.9855652,0,0,13678,1709.750
1765544542.9895027,0,0,12854,1606.750
1765544542.9934776,0,0,12469,1558.625
1765544542.9974706,1,1,12384,1548.000
1765544543.0014825,0,0,14071,1758.875
1765544543.005487,0,0,14283,1785.375
1765544543.0094862,0,0,13137,1642.125
1765544543.0134835,0,0,12612,1576.500
1765544543.0174737,1,1,12436,1554.500
1765544543.0214841,0,0,13823,1727.875
1765544543.0254903,0,0,14111,1763.875
1765544543.029487,0,0,13070,1633.750
1765544543.03349,0,0,12567,1570.875
1765544543.0374875,1,1,12375,1546.875
1765544543.0414944,0,0,13314,1664.250
1765544543.0454915,0,0,13740,1717.500
1765544543.049485,0,0,12892,1611.500
1765544543.053491,0,0,12499,1562.375
1765544543.0574884,1,1,12362,1545.250
1765544543.061491,0,0,13680,1710.000
1765544543.065487,0,0,14253,1781.625
1765544543.069485,0,0,13129,1641.125
1765544543.0734868,0,0,12595,1574.375
1765544543.0774875,1,1,12403,1550.375
1765544543.0814905,0,0,13741,1717.625
1765544543.0854862,0,0,14444,1805.500
1765544543.089486,0,0,13209,1651.125
1765544543.0934894,0,0,12620,1577.500
1765544543.0974932,1,1,12385,1548.125
1765544543.10151,0,0,13315,1664.375
1765544543.105477,0,0,14089,1761.125
1765544543.109469,0,0,13062,1632.750
1765544543.1134725,0,0,12568,1571.000
1765544543.1174695,1,1,12388,1548.500
1765544543.1214757,0,0,13637,1704.625
1765544543.125473,0,0,14521,1815.125
1765544543.1294703,0,0,13229,1653.625
1765544543.1334884,0,0,12366,1545.750
1765544543.1374857,1,1,13073,1634.125
1765544543.1414943,0,0,13923,1740.375
1765544543.1454887,0,0,12971,1621.375
1765544543.149485,0,0,12492,1561.500
1765544543.1534817,0,0,12305,1538.125
1765544543.1574836,1,1,13093,1636.625
1765544543.1614904,0,0,14260,1782.500
1765544543.1654935,0,0,13164,1645.500
1765544543.1694853,0,0,12599,1574.875
1765544543.1734862,0,0,12389,1548.625
1765544543.1774838,1,1,13713,1714.125
1765544543.181488,0,0,15038,1879.750
1765544543.1855617,0,0,13520,1690.000
1765544543.1894965,0,0,12741,1592.625
1765544543.1934764,0,0,12409,1551.125
1765544543.1974652,1,1,12853,1606.625
1765544543.2014759,0,0,13961,1745.125
1765544543.2054877,0,0,13044,1630.500
1765544543.2094855,0,0,12550,1568.750
1765544543.2134778,0,0,12349,1543.625
1765544543.217466,1,1,13178,1647.250
1765544543.2214773,0,0,14602,1825.250
1765544543.2254856,0,0,13352,1669.000
1765544543.2294867,0,0,12672,1584.000
1765544543.2334883,0,0,12383,1547.875
1765544543.2374876,1,1,12781,1597.625
1765544543.241487,0,0,14029,1753.625
1765544543.2454882,0,0,13110,1638.750
1765544543.2494879,0,0,12578,1572.250
1765544543.2534897,0,0,12358,1544.750
1765544543.2574854,1,1,12935,1616.875
1765544543.2614877,0,0,14428,1803.500
1765544543.2654827,0,0,13300,1662.500
1765544543.269483,0,0,12654,1581.750
1765544543.273486,0,0,12383,1547.875
1765544543.2774854,1,1,12729,1591.125
1765544543.2814875,0,0,14090,1761.250
1765544543.285487,0,0,13164,1645.500
1765544543.2894826,0,0,12593,1574.125
1765544543.2934864,0,0,12349,1543.625
1765544543.2974854,1,1,12742,1592.750
1765544543.3014896,0,0,14341,1792.625
1765544543.3054783,0,0,13325,1665.625
1765544543.3094811,0,0,12680,1585.000
1765544543.3134868,0,0,12395,1549.375
1765544543.317485,1,1,12828,1603.500
1765544543.321489,0,0,14528,1816.000
1765544543.3254814,0,0,13436,1679.500
1765544543.3294826,0,0,12728,1591.000
1765544543.333486,0,0,12418,1552.250
1765544543.337484,1,1,12648,1581.000
1765544543.341489,0,0,14191,1773.875
1765544543.3454838,0,0,13298,1662.250
1765544543.3494816,0,0,12653,1581.625
1765544543.353481,0,0,12374,1546.750
1765544543.3574836,1,1,12760,1595.000
1765544543.3614888,0,0,14670,1833.750
1765544543.3654675,0,0,13575,1696.875
1765544543.369466,0,0,12779,1597.375
1765544543.373482,0,0,12440,1555.000
1765544543.3774793,1,1,12745,1593.125
1765544543.3814847,0,0,14675,1834.375
1765544543.385555,0,0,13611,1701.375
1765544543.3894954,0,0,12793,1599.125
1765544543.3934739,0,0,12432,1554.000
1765544543.3974671,1,1,12653,1581.625
1765544543.4014773,0,0,14527,1815.875
1765544543.4054852,0,0,13567,1695.875
1765544543.4094827,0,0,12773,1596.625
1765544543.4134834,0,0,12421,1552.625
1765544543.4174697,1,1,12577,1572.125
1765544543.421479,0,0,14392,1799.000
1765544543.425487,0,0,13546,1693.250
1765544543.4294827,0,0,12769,1596.125
1765544543.433481,0,0,12422,1552.750
1765544543.4374793,1,1,12698,1587.250
1765544543.4414852,0,0,14855,1856.875
1765544543.445487,0,0,13846,1730.750
1765544543.4494824,0,0,12896,1612.000
1765544543.453487,0,0,12475,1559.375
1765544543.4574797,1,1,12545,1568.125
1765544543.4614844,0,0,14407,1800.875
1765544543.4654868,0,0,13675,1709.375
1765544543.469482,0,0,12821,1602.625
1765544543.47347,0,0,12437,1554.625
1765544543.477462,1,1,12637,1579.625
1765544543.4814773,0,0,14854,1856.750
1765544543.4854863,0,0,13944,1743.000
1765544543.4894826,0,0,12929,1616.125
1765544543.4934747,0,0,12477,1559.625
1765544543.4974625,1,1,12457,1557.125
1765544543.5014718,0,0,14116,1764.500
1765544543.505479,0,0,13527,1690.875
1765544543.509478,0,0,12752,1594.000
1765544543.5134716,0,0,12398,1549.750
1765544543.5174656,1,1,12342,1542.750
1765544543.5214727,0,0,13667,1708.375
1765544543.5254838,0,0,13325,1665.625
1765544543.529483,0,0,12666,1583.250
1765544543.5334878,0,0,12366,1545.750
1765544543.5374832,1,1,12373,1546.625
1765544543.541482,0,0,14026,1753.250
1765544543.5454814,0,0,13587,1698.375
1765544543.5494783,0,0,12804,1600.500
1765544543.5534825,0,0,12440,1555.000
1765544543.5574803,1,1,12398,1549.750
1765544543.5614865,0,0,13998,1749.750
1765544543.5654833,0,0,13655,1706.875
1765544543.5694797,0,0,12818,1602.250
1765544543.5734863,0,0,12436,1554.500
1765544543.5774813,1,1,12389,1548.625
1765544543.5814836,0,0,14083,1760.375
1765544543.59087,0,0,12455,1556.875
1765544543.5935054,0,0,12455,1556.875
1765544543.5974844,1,1,12357,1544.625
1765544543.6014955,0,0,13833,1729.125
1765544543.6054723,0,0,13667,1708.375
1765544543.6094627,0,0,12852,1606.500
1765544543.6134636,0,0,12479,1559.875
1765544543.617465,1,1,12394,1549.250
1765544543.6214697,0,0,13905,1738.125
1765544543.62548,0,0,13817,1727.125
1765544543.6294758,0,0,12912,1614.000
1765544543.6334825,0,0,12485,1560.625
1765544543.6374815,1,1,12387,1548.375
1765544543.6414862,0,0,13994,1749.250
1765544543.6454809,0,0,13952,1744.000
1765544543.649478,0,0,12996,1624.500
1765544543.6534808,0,0,12540,1567.500
1765544543.6574779,1,1,12415,1551.875
1765544543.6614916,0,0,13995,1749.375
