Timestamp,LO_plus,LO_minus,Raw_ADC,Voltage_mV
0.010994434356689453,1,1,14042,877.625
0.012198686599731445,1,1,14042,877.625
0.013327598571777344,1,1,25080,1567.500
0.01723170280456543,1,1,32767,2047.938
0.021180152893066406,1,1,32767,2047.938
0.02517247200012207,1,1,19274,1204.625
0.0291745662689209,1,1,13129,820.562
0.0331721305847168,1,1,23756,1484.750
0.037224531173706055,1,1,32767,2047.938
0.04118514060974121,1,1,32767,2047.938
0.04517936706542969,1,1,18965,1185.312
0.04918217658996582,1,1,12438,777.375
0.053177595138549805,1,1,22725,1420.312
0.05719614028930664,1,1,32767,2047.938
0.0611724853515625,1,1,32767,2047.938
0.0651710033416748,1,1,18846,1177.875
0.06918072700500488,1,1,11761,735.062
0.07317900657653809,1,1,21548,1346.750
0.07720041275024414,1,1,32767,2047.938
0.08118009567260742,1,1,32767,2047.938
0.08517885208129883,1,1,18490,1155.625
0.08918166160583496,1,1,10983,686.438
0.09317541122436523,1,1,20401,1275.062
0.09719228744506836,1,1,32767,2047.938
0.10117340087890625,1,1,32767,2047.938
0.10516977310180664,1,1,18554,1159.625
0.10918092727661133,1,1,10663,666.438
0.11317682266235352,1,1,19548,1221.750
0.11719298362731934,1,1,32767,2047.938
0.121185302734375,1,1,32767,2047.938
0.12517619132995605,1,1,18396,1149.750
0.13215184211730957,1,1,10076,629.750
0.1333756446838379,1,1,18601,1162.562
0.13722825050354004,1,1,32620,2038.750
0.14118003845214844,1,1,32767,2047.938
0.14517521858215332,1,1,18523,1157.688
0.14917707443237305,1,1,9738,608.625
0.15317487716674805,1,1,17772,1110.750
0.15720248222351074,1,1,32032,2002.000
0.16117143630981445,1,1,32767,2047.938
0.16516971588134766,1,1,18747,1171.688
0.16918087005615234,1,1,9521,595.062
0.17317748069763184,1,1,17042,1065.125
0.1771998405456543,1,1,31443,1965.188
0.18117809295654297,1,1,32673,2042.062
0.18517661094665527,1,1,18776,1173.500
0.1891787052154541,1,1,9146,571.625
0.19316959381103516,1,1,16235,1014.688
0.1971883773803711,1,1,30898,1931.125
0.20117735862731934,1,1,32704,2044.000
0.20528411865234375,1,1,19122,1195.125
0.20923542976379395,1,1,9074,567.125
0.21317410469055176,1,1,15612,975.750
0.21719980239868164,1,1,30411,1900.688
0.22116971015930176,1,1,32699,2043.688
0.22516870498657227,1,1,19341,1208.812
0.22918033599853516,1,1,8887,555.438
0.23321175575256348,1,1,15024,939.000
0.2372119426727295,1,1,30053,1878.312
0.2412557601928711,1,1,32767,2047.938
0.24518370628356934,1,1,19764,1235.250
0.2491757869720459,1,1,8807,550.438
0.2531700134277344,1,1,14258,891.125
0.25719714164733887,1,1,29277,1829.812
0.2612874507904053,1,1,32649,2040.562
0.2651832103729248,1,1,20101,1256.312
0.26917338371276855,1,1,8887,555.438
0.27316832542419434,1,1,13884,867.750
0.2772529125213623,1,1,29006,1812.875
0.28118371963500977,1,1,32767,2047.938
0.28517675399780273,1,1,20460,1278.750
0.2891838550567627,1,1,8839,552.438
0.2931673526763916,1,1,13335,833.438
0.2972102165222168,1,1,28501,1781.312
0.3011782169342041,1,1,32730,2045.625
0.3051748275756836,1,1,20774,1298.375
0.30917978286743164,1,1,8798,549.875
0.3131749629974365,1,1,12830,801.875
0.31719350814819336,1,1,28127,1757.938
0.32117629051208496,1,1,32767,2047.938
0.32517457008361816,1,1,21364,1335.250
0.3291783332824707,1,1,9031,564.438
0.3331754207611084,1,1,12506,781.625
0.33719325065612793,1,1,27742,1733.875
0.3411750793457031,1,1,32767,2047.938
0.3451724052429199,1,1,21809,1363.062
0.3491787910461426,1,1,9208,575.500
0.35317516326904297,1,1,12202,762.625
0.3571963310241699,1,1,27350,1709.375
0.361175537109375,1,1,32767,2047.938
0.3651731014251709,1,1,22398,1399.875
0.36917829513549805,1,1,9462,591.375
0.37317323684692383,1,1,11875,742.188
0.377194881439209,1,1,26984,1686.500
0.38117504119873047,1,1,32767,2047.938
0.3851752281188965,1,1,22826,1426.625
0.3891770839691162,1,1,9609,600.562
0.3931732177734375,1,1,11526,720.375
0.39719057083129883,1,1,26545,1659.062
0.40117383003234863,1,1,32767,2047.938
0.40517282485961914,1,1,23193,1449.562
0.4091758728027344,1,1,9678,604.875
0.41317176818847656,1,1,11100,693.750
0.4171922206878662,1,1,26103,1631.438
0.4211735725402832,1,1,32767,2047.938
0.4251728057861328,1,1,23896,1493.500
0.42917561531066895,1,1,10116,632.250
0.43317365646362305,1,1,10931,683.188
0.4371919631958008,1,1,25717,1607.312
0.44116806983947754,1,1,32767,2047.938
0.44516515731811523,1,1,24385,1524.062
0.4491748809814453,1,1,10441,652.562
0.4531886577606201,1,1,10814,675.875
0.4571952819824219,1,1,25448,1590.500
0.46117568016052246,1,1,32767,2047.938
0.46517276763916016,1,1,24886,1555.375
0.4691770076751709,1,1,10684,667.750
0.4731721878051758,1,1,10545,659.062
0.47719502449035645,1,1,25025,1564.062
0.48117494583129883,1,1,32767,2047.938
0.48517417907714844,1,1,25482,1592.625
0.48919057846069336,1,1,11017,688.562
0.4931752681732178,1,1,10317,644.812
0.4972701072692871,1,1,24644,1540.250
0.5012319087982178,1,1,32767,2047.938
0.50522780418396,1,1,26093,1630.812
0.5092463493347168,1,1,11521,720.062
0.5132396221160889,1,1,10361,647.562
0.5172672271728516,1,1,24449,1528.062
0.5212488174438477,1,1,32767,2047.938
0.5252377986907959,1,1,26652,1665.750
0.5292372703552246,1,1,11850,740.625
0.5332372188568115,1,1,10129,633.062
0.5372626781463623,1,1,23957,1497.312
0.5412397384643555,1,1,32767,2047.938
0.5452382564544678,1,1,27132,1695.750
0.5492382049560547,1,1,12186,761.625
0.5532348155975342,1,1,9979,623.688
0.5572624206542969,1,1,23563,1472.688
0.5612397193908691,1,1,32767,2047.938
0.5652370452880859,1,1,27662,1728.875
0.56923508644104,1,1,12640,790.000
0.5732336044311523,1,1,9972,623.250
0.5772581100463867,1,1,23237,1452.312
0.58123779296875,1,1,32767,2047.938
0.5852329730987549,1,1,28150,1759.375
0.5892360210418701,1,1,12975,810.938
0.5932908058166504,1,1,9700,606.250
0.5973217487335205,1,1,22705,1419.062
0.6013038158416748,1,1,32767,2047.938
0.6053001880645752,1,1,28711,1794.438
0.6093008518218994,1,1,9833,614.562
0.6133120059967041,1,1,22500,1406.250
0.6173059940338135,1,1,32767,2047.938
0.6212985515594482,1,1,29311,1831.938
0.6252996921539307,1,1,14102,881.375
0.6293134689331055,1,1,9891,618.188
0.6333000659942627,1,1,22169,1385.562
0.6373019218444824,1,1,32767,2047.938
0.6412980556488037,1,1,29833,1864.562
0.6453354358673096,1,1,14570,910.625
0.6493098735809326,1,1,9848,615.500
0.6533091068267822,1,1,21768,1360.500
0.6573073863983154,1,1,32767,2047.938
0.6613199710845947,1,1,30420,1901.250
0.6653053760528564,1,1,15120,945.000
0.6693065166473389,1,1,9890,618.125
0.673302173614502,1,1,21402,1337.625
0.6773157119750977,1,1,32767,2047.938
0.6813008785247803,1,1,30739,1921.188
0.6853039264678955,1,1,15543,971.438
0.6893000602722168,1,1,9924,620.250
0.6933860778808594,1,1,21070,1316.875
0.6972677707672119,1,1,32767,2047.938
0.7012686729431152,1,1,31319,1957.438
0.705265998840332,1,1,16214,1013.375
0.7092645168304443,1,1,10097,631.062
0.7132630348205566,1,1,20773,1298.312
0.7172675132751465,1,1,32767,2047.938
0.7212660312652588,1,1,31635,1977.188
0.7252626419067383,1,1,16594,1037.125
0.7292630672454834,1,1,10045,627.812
0.7332627773284912,1,1,20387,1274.188
0.737269401550293,1,1,32767,2047.938
0.7412822246551514,1,1,32224,2014.000
0.7452652454376221,1,1,17245,1077.812
0.7492661476135254,1,1,10178,636.125
0.7532610893249512,1,1,20010,1250.625
0.7572667598724365,1,1,32767,2047.938
0.7612631320953369,1,1,32566,2035.375
0.7652602195739746,1,1,17753,1109.562
0.7692630290985107,1,1,10259,641.188
0.7732629776000977,1,1,19672,1229.500
0.7772657871246338,1,1,32767,2047.938
0.7812631130218506,1,1,32767,2047.938
0.7852628231048584,1,1,18385,1149.062
0.7892625331878662,1,1,10482,655.125
0.7932617664337158,1,1,19447,1215.438
0.7973639965057373,1,1,32767,2047.938
0.8013088703155518,1,1,32767,2047.938
0.805302619934082,1,1,19074,1192.125
0.8093020915985107,1,1,10634,664.625
0.8133130073547363,1,1,19131,1195.688
0.8173067569732666,1,1,32767,2047.938
0.8213033676147461,1,1,32767,2047.938
0.8252995014190674,1,1,19719,1232.438
0.8293149471282959,1,1,10839,677.438
0.833301305770874,1,1,18835,1177.188
0.8373045921325684,1,1,32767,2047.938
0.8413028717041016,1,1,32767,2047.938
0.8453114032745361,1,1,20200,1262.500
0.8493013381958008,1,1,10919,682.438
0.8533034324645996,1,1,18442,1152.625
0.8573043346405029,1,1,32767,2047.938
0.8613126277923584,1,1,32767,2047.938
0.8652989864349365,1,1,20835,1302.188
0.8693017959594727,1,1,11108,694.250
0.873298168182373,1,1,18130,1133.125
0.8773167133331299,1,1,32767,2047.938
0.8813009262084961,1,1,32767,2047.938
0.8853001594543457,1,1,21441,1340.062
0.889298677444458,1,1,11279,704.938
0.8933100700378418,1,1,17741,1108.812
0.8973827362060547,1,1,32675,2042.188
0.9012808799743652,1,1,32767,2047.938
0.9052660465240479,1,1,22081,1380.062
0.9092645645141602,1,1,11532,720.750
0.9132606983184814,1,1,17449,1090.562
0.9172756671905518,1,1,32474,2029.625
0.9212610721588135,1,1,32767,2047.938
0.9252605438232422,1,1,22723,1420.188
0.9292623996734619,1,1,11854,740.875
0.9332692623138428,1,1,17355,1084.688
0.9372663497924805,1,1,32526,2032.875
0.9412515163421631,1,1,32767,2047.938
0.9452476501464844,1,1,23263,1453.938
0.9492719173431396,1,1,11962,747.625
0.9532604217529297,1,1,16956,1059.750
0.9572670459747314,1,1,32219,2013.688
0.961261510848999,1,1,32767,2047.938
0.9652698040008545,1,1,24028,1501.750
0.969261884689331,1,1,12310,769.375
0.9732608795166016,1,1,16633,1039.562
0.977264404296875,1,1,31870,1991.875
0.9812581539154053,1,1,32767,2047.938
0.9852488040924072,1,1,24673,1542.062
0.989264726638794,1,1,12690,793.125
0.9932646751403809,1,1,16557,1034.812
0.9973714351654053,1,1,31807,1987.938
1.0013058185577393,1,1,32767,2047.938
1.012364387512207,1,1,16207,1012.938
1.0136637687683105,1,1,16207,1012.938
1.017327070236206,1,1,31405,1962.812
1.0212879180908203,1,1,32767,2047.938
1.0252845287322998,1,1,25772,1610.750
1.0292880535125732,1,1,13056,816.000
1.033285140991211,1,1,15900,993.750
1.0373103618621826,1,1,31164,1947.750
1.041285753250122,1,1,32767,2047.938
1.0452854633331299,1,1,26464,1654.000
1.049286127090454,1,1,13418,838.625
1.0532832145690918,1,1,15773,985.812
1.0573208332061768,1,1,30921,1932.562
1.0613014698028564,1,1,32767,2047.938
1.0652978420257568,1,1,27064,1691.500
1.0692996978759766,1,1,13778,861.125
1.0732970237731934,1,1,15572,973.250
1.077301263809204,1,1,30610,1913.125
1.0812852382659912,1,1,32767,2047.938
1.085282564163208,1,1,27655,1728.438
1.0892980098724365,1,1,14034,877.125
1.0932960510253906,1,1,15285,955.312
1.0974066257476807,1,1,30216,1888.500
1.1012616157531738,1,1,32767,2047.938
1.1052594184875488,1,1,28206,1762.875
1.1092591285705566,1,1,14389,899.312
1.113257884979248,1,1,15166,947.875
1.1172833442687988,1,1,29918,1869.875
1.1212565898895264,1,1,32767,2047.938
1.1252555847167969,1,1,28767,1797.938
1.1332650184631348,1,1,14981,936.312
1.134612798690796,1,1,29633,1852.062
1.1373119354248047,1,1,29633,1852.062
1.1412551403045654,1,1,32767,2047.938
1.1452605724334717,1,1,29478,1842.375
1.1492626667022705,1,1,15122,945.125
1.153252363204956,1,1,14788,924.250
1.1572833061218262,1,1,29198,1824.875
1.161247730255127,1,1,32767,2047.938
1.165245771408081,1,1,29832,1864.500
1.1692655086517334,1,1,15279,954.938
1.1732606887817383,1,1,14494,905.875
1.1772844791412354,1,1,28719,1794.938
1.181260585784912,1,1,32767,2047.938
1.185258150100708,1,1,30418,1901.125
1.189255952835083,1,1,15762,985.125
1.193253755569458,1,1,14444,902.750
1.197298288345337,1,1,28446,1777.875
1.2012593746185303,1,1,32767,2047.938
1.2052583694458008,1,1,30927,1932.938
1.2092583179473877,1,1,14215,888.438
1.213254690170288,1,1,28016,1751.000
1.2172627449035645,1,1,32767,2047.938
1.221261978149414,1,1,31523,1970.188
1.2252590656280518,1,1,16488,1030.500
1.2292535305023193,1,1,14112,882.000
1.233245849609375,1,1,27592,1724.500
1.2373204231262207,1,1,32767,2047.938
1.2412633895874023,1,1,31899,1993.688
1.2452611923217773,1,1,16846,1052.875
1.2492585182189941,1,1,14053,878.312
1.253255844116211,1,1,27195,1699.688
1.2572836875915527,1,1,32767,2047.938
1.261260986328125,1,1,32386,2024.125
1.2652578353881836,1,1,17204,1075.250
1.2692599296569824,1,1,13890,868.125
1.273258924484253,1,1,26774,1673.375
1.2772834300994873,1,1,32767,2047.938
1.2812585830688477,1,1,32767,2047.938
1.2852559089660645,1,1,17655,1103.438
1.2892565727233887,1,1,13846,865.375
1.2932567596435547,1,1,26447,1652.938
1.29736328125,1,1,32767,2047.938
1.301300048828125,1,1,32767,2047.938
1.305295705795288,1,1,18082,1130.125
1.309295892715454,1,1,13714,857.125
1.31329345703125,1,1,25870,1616.875
1.3173012733459473,1,1,32767,2047.938
1.321295976638794,1,1,32767,2047.938
1.3252949714660645,1,1,18434,1152.125
1.329294204711914,1,1,13538,846.125
1.3332936763763428,1,1,25319,1582.438
1.3372983932495117,1,1,32767,2047.938
1.341296911239624,1,1,32767,2047.938
1.3452930450439453,1,1,18911,1181.938
1.349292278289795,1,1,13621,851.312
1.3532965183258057,1,1,24961,1560.062
1.3574814796447754,1,1,32767,2047.938
1.3612897396087646,1,1,32767,2047.938
1.365278959274292,1,1,19343,1208.938
1.3692970275878906,1,1,13540,846.250
1.3732943534851074,1,1,24472,1529.500
1.3772988319396973,1,1,32767,2047.938
1.3813822269439697,1,1,32767,2047.938
1.3853070735931396,1,1,19824,1239.000
1.3892912864685059,1,1,13501,843.812
1.393493413925171,1,1,24018,1501.125
1.3975069522857666,1,1,32767,2047.938
1.4012651443481445,1,1,32767,2047.938
1.4052484035491943,1,1,20369,1273.062
1.4094266891479492,1,1,13608,850.500
1.4132659435272217,1,1,23668,1479.250
1.4172909259796143,1,1,32767,2047.938
1.421321153640747,1,1,32767,2047.938
1.425262451171875,1,1,20782,1298.875
1.4292559623718262,1,1,13524,845.250
1.433243751525879,1,1,23139,1446.188
1.4372754096984863,1,1,32767,2047.938
1.4412710666656494,1,1,32767,2047.938
1.445255994796753,1,1,21239,1327.438
1.4492523670196533,1,1,13561,847.562
1.4533171653747559,1,1,22756,1422.250
1.457277774810791,1,1,32767,2047.938
1.4612576961517334,1,1,32767,2047.938
1.465252161026001,1,1,21618,1351.125
1.4692492485046387,1,1,13521,845.062
1.4732427597045898,1,1,22334,1395.875
1.4772915840148926,1,1,32767,2047.938
1.4812607765197754,1,1,32767,2047.938
1.4852633476257324,1,1,22133,1383.312
1.489257574081421,1,1,13497,843.562
1.4932548999786377,1,1,21807,1362.938
1.4972960948944092,1,1,32767,2047.938
1.5012662410736084,1,1,32767,2047.938
1.5052554607391357,1,1,22604,1412.750
1.5092582702636719,1,1,13683,855.188
1.513254165649414,1,1,21545,1346.562
1.5172951221466064,1,1,32767,2047.938
1.5212559700012207,1,1,32767,2047.938
1.5252537727355957,1,1,23112,1444.500
1.52925705909729,1,1,13664,854.000
1.5332634449005127,1,1,20966,1310.375
1.5372824668884277,1,1,32767,2047.938
1.5412461757659912,1,1,32767,2047.938
1.545241355895996,1,1,23597,1474.812
1.549271821975708,1,1,13716,857.250
1.5532569885253906,1,1,20495,1280.938
1.557283639907837,1,1,32767,2047.938
1.561253547668457,1,1,32767,2047.938
1.5652551651000977,1,1,24045,1502.812
1.56925368309021,1,1,13789,861.812
1.5732626914978027,1,1,20067,1254.188
1.577282428741455,1,1,32767,2047.938
1.5812578201293945,1,1,32767,2047.938
1.5852530002593994,1,1,24564,1535.250
1.589256763458252,1,1,13908,869.250
1.5932419300079346,1,1,19703,1231.438
1.5973708629608154,1,1,32767,2047.938
1.6012985706329346,1,1,32767,2047.938
1.6052911281585693,1,1,25009,1563.062
1.609287977218628,1,1,13953,872.062
1.6132984161376953,1,1,19284,1205.250
1.6172935962677002,1,1,32767,2047.938
1.6212923526763916,1,1,32767,2047.938
1.62528657913208,1,1,25669,1604.312
1.6293020248413086,1,1,14217,888.562
1.633289098739624,1,1,18931,1183.188
1.6372921466827393,1,1,32767,2047.938
1.6412863731384277,1,1,32767,2047.938
1.6453173160552979,1,1,26230,1639.375
1.6492958068847656,1,1,14408,900.500
1.653292179107666,1,1,18667,1166.688
1.6572964191436768,1,1,32767,2047.938
1.6613013744354248,1,1,32767,2047.938
1.6652913093566895,1,1,26616,1663.500
1.669290542602539,1,1,14393,899.562
1.6732900142669678,1,1,18128,1133.000
1.6773040294647217,1,1,32767,2047.938
1.681290864944458,1,1,32767,2047.938
1.6852927207946777,1,1,27220,1701.250
1.6892883777618408,1,1,14801,925.062
1.69329833984375,1,1,18034,1127.125
1.697378396987915,1,1,32767,2047.938
1.7012665271759033,1,1,32767,2047.938
1.705254316329956,1,1,27641,1727.562
1.7092537879943848,1,1,14745,921.562
1.7132501602172852,1,1,17449,1090.562
1.7172982692718506,1,1,32640,2040.000
1.7212553024291992,1,1,32767,2047.938
1.7252528667449951,1,1,28232,1764.500
1.7292499542236328,1,1,15061,941.312
1.7332606315612793,1,1,17216,1076.000
1.7372848987579346,1,1,32338,2021.125
1.7412545680999756,1,1,32767,2047.938
1.7452492713928223,1,1,28705,1794.062
1.7492620944976807,1,1,15248,953.000
1.7532520294189453,1,1,16899,1056.188
1.7572789192199707,1,1,31870,1991.875
1.76125168800354,1,1,32767,2047.938
1.7652580738067627,1,1,29146,1821.625
1.7692532539367676,1,1,15474,967.125
1.7732512950897217,1,1,16638,1039.875
1.777275800704956,1,1,31496,1968.500
1.781259536743164,1,1,32767,2047.938
1.7852530479431152,1,1,29623,1851.438
1.7892560958862305,1,1,15618,976.125
1.7932515144348145,1,1,16180,1011.250
1.7973382472991943,1,1,30925,1932.812
1.8012933731079102,1,1,32767,2047.938
1.8052990436553955,1,1,30184,1886.500
1.8092904090881348,1,1,16010,1000.625
1.8132836818695068,1,1,30494,1905.875
1.8172926902770996,1,1,32767,2047.938
1.8212904930114746,1,1,30610,1913.125
1.8252878189086914,1,1,16146,1009.125
1.829298973083496,1,1,15686,980.375
1.8332881927490234,1,1,30068,1879.250
1.8372907638549805,1,1,32767,2047.938
1.8412902355194092,1,1,30996,1937.250
1.8452990055084229,1,1,16379,1023.688
1.8492920398712158,1,1,15442,965.125
1.8532874584197998,1,1,29586,1849.125
1.857292890548706,1,1,32767,2047.938
1.861297845840454,1,1,31583,1973.938
1.865285873413086,1,1,16784,1049.000
1.8692846298217773,1,1,15254,953.375
1.8732855319976807,1,1,29144,1821.500
1.877303123474121,1,1,32767,2047.938
1.8812861442565918,1,1,31940,1996.250
1.8852863311767578,1,1,16961,1060.062
1.8892879486083984,1,1,14969,935.562
1.8932981491088867,1,1,28639,1789.938
1.8973712921142578,1,1,32767,2047.938
1.901266098022461,1,1,32386,2024.125
1.9052507877349854,1,1,17303,1081.438
1.9092497825622559,1,1,14801,925.062
1.91324782371521,1,1,28193,1762.062
1.9172921180725098,1,1,32767,2047.938
1.9212512969970703,1,1,32767,2047.938
1.925248622894287,1,1,17677,1104.812
1.9292495250701904,1,1,14620,913.750
1.9332554340362549,1,1,27697,1731.062
1.93727445602417,1,1,32767,2047.938
1.9412381649017334,1,1,32767,2047.938
1.9452362060546875,1,1,18019,1126.188
1.9492599964141846,1,1,14452,903.250
1.9532461166381836,1,1,27169,1698.062
1.9572696685791016,1,1,32767,2047.938
1.961249589920044,1,1,32767,2047.938
1.9652559757232666,1,1,18213,1138.312
1.9692497253417969,1,1,14169,885.562
1.97324800491333,1,1,26575,1660.938
1.977271556854248,1,1,32767,2047.938
1.9812569618225098,1,1,32767,2047.938
1.9852478504180908,1,1,18636,1164.750
1.9892513751983643,1,1,14120,882.500
1.9932503700256348,1,1,26211,1638.188
1.99733567237854,1,1,32767,2047.938
2.0012896060943604,1,1,32767,2047.938
2.005295515060425,1,1,19076,1192.250
2.016000509262085,1,1,32767,2047.938
2.017326831817627,1,1,32767,2047.938
2.0213074684143066,1,1,32767,2047.938
2.0252864360809326,1,1,19527,1220.438
2.029285430908203,1,1,13935,870.938
2.033285140991211,1,1,25140,1571.250
2.0372908115386963,1,1,32767,2047.938
2.041285276412964,1,1,32767,2047.938
2.045283079147339,1,1,19813,1238.312
2.0492849349975586,1,1,13855,865.938
2.0532877445220947,1,1,24624,1539.000
2.057288885116577,1,1,32767,2047.938
2.0612826347351074,1,1,32767,2047.938
2.065284490585327,1,1,20090,1255.625
2.0692849159240723,1,1,13604,850.250
2.073282480239868,1,1,24038,1502.375
2.0772907733917236,1,1,32767,2047.938
2.0812833309173584,1,1,32767,2047.938
2.0852816104888916,1,1,20683,1292.688
2.089282274246216,1,1,13666,854.125
2.09328293800354,1,1,23521,1470.062
2.0973947048187256,1,1,32767,2047.938
2.101243257522583,1,1,32767,2047.938
2.1052346229553223,1,1,20968,1310.500
2.1092588901519775,1,1,13588,849.250
2.1132454872131348,1,1,23121,1445.062
2.117274045944214,1,1,32767,2047.938
2.121244192123413,1,1,32767,2047.938
2.125253438949585,1,1,21413,1338.312
2.1332473754882812,1,1,22662,1416.375
2.134593963623047,1,1,22662,1416.375
2.1373043060302734,1,1,32767,2047.938
2.1412529945373535,1,1,32767,2047.938
2.1452479362487793,1,1,21976,1373.500
2.149244546890259,1,1,13680,855.000
2.1532368659973145,1,1,22220,1388.750
2.157285690307617,1,1,32767,2047.938
2.1612367630004883,1,1,32767,2047.938
2.165234088897705,1,1,22297,1393.562
2.16924786567688,1,1,13588,849.250
2.1732542514801025,1,1,21681,1355.062
2.177273988723755,1,1,32767,2047.938
2.1812357902526855,1,1,32767,2047.938
2.1852316856384277,1,1,22700,1418.750
2.1892623901367188,1,1,13433,839.562
2.193251371383667,1,1,21029,1314.312
2.1975624561309814,1,1,32767,2047.938
2.2014501094818115,1,1,32767,2047.938
2.205451250076294,1,1,23180,1448.750
2.209275960922241,1,1,13541,846.312
2.213237762451172,1,1,20641,1290.062
2.2172772884368896,1,1,32767,2047.938
2.221247911453247,1,1,32767,2047.938
2.2252421379089355,1,1,23591,1474.438
2.2292397022247314,1,1,13574,848.375
2.233232259750366,1,1,20195,1262.188
2.2372806072235107,1,1,32767,2047.938
2.241246461868286,1,1,32767,2047.938
2.2452402114868164,1,1,24232,1514.500
2.249246835708618,1,1,13777,861.062
2.2532365322113037,1,1,19856,1241.000
2.257263660430908,1,1,32767,2047.938
2.261244535446167,1,1,32767,2047.938
2.265242338180542,1,1,24726,1545.375
2.269247531890869,1,1,13925,870.312
2.2732439041137695,1,1,19532,1220.750
2.2773232460021973,1,1,32767,2047.938
2.2812469005584717,1,1,32767,2047.938
2.285244941711426,1,1,25179,1573.688
2.2892439365386963,1,1,13917,869.812
2.293241500854492,1,1,18952,1184.500
2.2972819805145264,1,1,32767,2047.938
2.3012452125549316,1,1,32767,2047.938
2.305244207382202,1,1,25512,1594.500
2.309244394302368,1,1,13874,867.125
2.3132429122924805,1,1,18458,1153.625
2.3172802925109863,1,1,32767,2047.938
2.3212437629699707,1,1,32767,2047.938
2.3252410888671875,1,1,26091,1630.688
2.3292436599731445,1,1,14057,878.562
2.3332417011260986,1,1,18066,1129.125
2.337268352508545,1,1,32767,2047.938
2.3412461280822754,1,1,32767,2047.938
2.345242500305176,1,1,26639,1664.938
2.3492422103881836,1,1,14289,893.062
2.3532440662384033,1,1,17807,1112.938
2.3572723865509033,1,1,32767,2047.938
2.361243486404419,1,1,32767,2047.938
2.365238904953003,1,1,27092,1693.250
2.369246006011963,1,1,14389,899.312
2.373243570327759,1,1,17344,1084.000
2.3772683143615723,1,1,32500,2031.250
2.381240129470825,1,1,32767,2047.938
2.385242223739624,1,1,27510,1719.375
2.389242649078369,1,1,14457,903.562
2.3932411670684814,1,1,16931,1058.188
2.397348642349243,1,1,32767,2047.938
2.40128493309021,1,1,32767,2047.938
2.4052791595458984,1,1,27851,1740.688
2.409280776977539,1,1,16576,1036.000
2.4132823944091797,1,1,31706,1981.625
2.4172840118408203,1,1,32767,2047.938
2.4212801456451416,1,1,28512,1782.000
2.425281524658203,1,1,14868,929.250
2.4292845726013184,1,1,16277,1017.312
2.4332785606384277,1,1,31266,1954.125
2.4372808933258057,1,1,32767,2047.938
2.44126558303833,1,1,28970,1810.625
2.4452648162841797,1,1,15070,941.875
2.449275255203247,1,1,15931,995.688
2.4532716274261475,1,1,30722,1920.125
2.457291603088379,1,1,32767,2047.938
2.461287021636963,1,1,29433,1839.562
2.4652786254882812,1,1,15335,958.438
2.4692797660827637,1,1,15734,983.375
2.473278760910034,1,1,30479,1904.938
2.4772846698760986,1,1,32767,2047.938
2.48127818107605,1,1,30013,1875.812
2.485275983810425,1,1,15627,976.688
2.489278554916382,1,1,15453,965.812
2.4932799339294434,1,1,29958,1872.375
2.497373580932617,1,1,32767,2047.938
2.501249313354492,1,1,30430,1901.875
2.505241632461548,1,1,15902,993.875
2.5092427730560303,1,1,15264,954.000
2.5132405757904053,1,1,29522,1845.125
2.517275333404541,1,1,32767,2047.938
2.5212442874908447,1,1,30758,1922.375
2.5252363681793213,1,1,16052,1003.250
2.5292398929595947,1,1,14898,931.125
2.5332412719726562,1,1,28936,1808.500
2.5372703075408936,1,1,32767,2047.938
2.5412397384643555,1,1,31257,1953.562
2.545239210128784,1,1,16346,1021.625
2.549243927001953,1,1,14586,911.625
2.553239583969116,1,1,28404,1775.250
2.557267904281616,1,1,32767,2047.938
2.5612399578094482,1,1,31594,1974.625
2.565263271331787,1,1,16571,1035.688
2.5692384243011475,1,1,14400,900.000
2.5732274055480957,1,1,27986,1749.125
2.5772762298583984,1,1,32767,2047.938
2.58392071723938,1,1,32107,2006.688
2.5852394104003906,1,1,16983,1061.438
2.5892601013183594,1,1,14266,891.625
2.5932319164276123,1,1,27479,1717.438
2.5972912311553955,1,1,32767,2047.938
2.601263999938965,1,1,32448,2028.000
2.605245590209961,1,1,17271,1079.438
2.6092472076416016,1,1,14066,879.125
2.6132984161376953,1,1,26995,1687.188
2.617323398590088,1,1,32767,2047.938
2.621243715286255,1,1,32767,2047.938
2.625239133834839,1,1,17603,1100.188
2.6292545795440674,1,1,13848,865.500
2.6332454681396484,1,1,26417,1651.062
2.63726544380188,1,1,32767,2047.938
2.6412367820739746,1,1,32767,2047.938
2.6452524662017822,1,1,17998,1124.875
2.649242401123047,1,1,13828,864.250
2.6532347202301025,1,1,26144,1634.000
2.657264232635498,1,1,32767,2047.938
2.6612401008605957,1,1,32767,2047.938
2.665239095687866,1,1,18379,1148.688
2.669241189956665,1,1,13647,852.938
2.673243284225464,1,1,25584,1599.000
2.6772711277008057,1,1,32767,2047.938
2.6812431812286377,1,1,32767,2047.938
2.685238838195801,1,1,18680,1167.500
2.689237594604492,1,1,13442,840.125
2.6932373046875,1,1,24962,1560.125
2.6973493099212646,1,1,32767,2047.938
2.7012839317321777,1,1,32767,2047.938
2.7052786350250244,1,1,19084,1192.750
2.7092819213867188,1,1,13410,838.125
2.7132773399353027,1,1,24446,1527.875
2.71728253364563,1,1,32767,2047.938
2.7212769985198975,1,1,32767,2047.938
2.7252769470214844,1,1,19356,1209.750
2.729276180267334,1,1,13170,823.125
2.7332756519317627,1,1,23885,1492.812
2.737281322479248,1,1,32767,2047.938
2.74127197265625,1,1,32767,2047.938
2.7452712059020996,1,1,19876,1242.250
2.7493419647216797,1,1,13233,827.062
2.753296375274658,1,1,23512,1469.500
2.7573156356811523,1,1,32767,2047.938
2.7612898349761963,1,1,32767,2047.938
2.7652854919433594,1,1,20302,1268.875
2.769293785095215,1,1,13228,826.750
2.7732901573181152,1,1,23040,1440.000
2.7772934436798096,1,1,32767,2047.938
2.7812910079956055,1,1,32767,2047.938
2.7852795124053955,1,1,20731,1295.688
2.789281129837036,1,1,13180,823.750
2.793276309967041,1,1,22622,1413.875
2.7973735332489014,1,1,32767,2047.938
2.8012442588806152,1,1,32767,2047.938
2.805238723754883,1,1,21037,1314.812
2.809237003326416,1,1,12963,810.188
2.8132376670837402,1,1,21850,1365.625
2.817279577255249,1,1,32767,2047.938
2.821242332458496,1,1,32767,2047.938
2.8252384662628174,1,1,21553,1347.062
2.8292417526245117,1,1,13121,820.062
2.833238363265991,1,1,21561,1347.562
2.8372645378112793,1,1,32767,2047.938
2.8412368297576904,1,1,32767,2047.938
2.845238208770752,1,1,21919,1369.938
2.8492379188537598,1,1,13019,813.688
2.853236675262451,1,1,21079,1317.438
2.8572654724121094,1,1,32767,2047.938
2.861237049102783,1,1,32767,2047.938
2.8652355670928955,1,1,22517,1407.312
2.8692409992218018,1,1,13121,820.062
2.873237133026123,1,1,20567,1285.438
2.877264976501465,1,1,32767,2047.938
2.881237506866455,1,1,32767,2047.938
2.885237693786621,1,1,22906,1431.625
2.8892369270324707,1,1,13107,819.188
2.893235445022583,1,1,20047,1252.938
2.8973238468170166,1,1,32767,2047.938
2.9012815952301025,1,1,32767,2047.938
2.905278444290161,1,1,23471,1466.938
2.9092769622802734,1,1,13244,827.750
2.913274049758911,1,1,19643,1227.688
2.9173104763031006,1,1,32767,2047.938
2.9212775230407715,1,1,32767,2047.938
2.925274610519409,1,1,23908,1494.250
2.9292759895324707,1,1,13294,830.875
2.9332711696624756,1,1,19203,1200.188
2.9373044967651367,1,1,32767,2047.938
2.941262722015381,1,1,32767,2047.938
2.9452590942382812,1,1,24316,1519.750
2.94926381111145,1,1,13276,829.750
2.953258752822876,1,1,18650,1165.625
2.9572908878326416,1,1,32767,2047.938
2.9612748622894287,1,1,32767,2047.938
2.9652717113494873,1,1,24821,1551.312
2.9692723751068115,1,1,13440,840.000
2.9732744693756104,1,1,18359,1147.438
2.9773051738739014,1,1,32767,2047.938
2.981271982192993,1,1,32767,2047.938
2.9852728843688965,1,1,25399,1587.438
2.98927640914917,1,1,13579,848.688
2.993272542953491,1,1,17895,1118.438
2.9973578453063965,1,1,32767,2047.938
3.0012423992156982,1,1,32767,2047.938
3.005235195159912,1,1,25740,1608.750
3.009233236312866,1,1,17572,1098.250
3.0187363624572754,1,1,32767,2047.938
3.0212528705596924,1,1,26381,1648.812
3.025237798690796,1,1,13819,863.688
3.0292389392852783,1,1,17128,1070.500
3.033235788345337,1,1,32414,2025.875
3.0372607707977295,1,1,32767,2047.938
3.041247844696045,1,1,26915,1682.188
3.0452334880828857,1,1,14125,882.812
3.0492355823516846,1,1,16916,1057.250
3.0532350540161133,1,1,32045,2002.812
3.0572612285614014,1,1,32767,2047.938
3.0612246990203857,1,1,27295,1705.938
3.0652220249176025,1,1,14184,886.500
3.0692405700683594,1,1,16460,1028.750
3.0732345581054688,1,1,31546,1971.625
3.077260732650757,1,1,32767,2047.938
3.081234931945801,1,1,27682,1730.125
3.085233211517334,1,1,14349,896.812
3.089233160018921,1,1,16170,1010.625
3.0932302474975586,1,1,31254,1953.375
3.0972723960876465,1,1,32767,2047.938
3.1012303829193115,1,1,28348,1771.750
3.105233669281006,1,1,14661,916.312
3.1092350482940674,1,1,15922,995.125
3.1132333278656006,1,1,30881,1930.062
3.1172637939453125,1,1,32767,2047.938
3.121222972869873,1,1,28857,1803.562
3.1252200603485107,1,1,14878,929.875
3.1332552433013916,1,1,30373,1898.312
3.134608030319214,1,1,30373,1898.312
3.1373050212860107,1,1,32767,2047.938
3.1412267684936523,1,1,29393,1837.062
3.145235300064087,1,1,15259,953.688
3.1492302417755127,1,1,15417,963.562
3.1532249450683594,1,1,29992,1874.500
3.1572623252868652,1,1,32767,2047.938
3.1612234115600586,1,1,29825,1864.062
3.1652166843414307,1,1,15358,959.875
3.1692357063293457,1,1,14996,937.250
3.1732311248779297,1,1,29428,1839.250
3.1772572994232178,1,1,32767,2047.938
3.1812286376953125,1,1,30230,1889.375
3.1852312088012695,1,1,15636,977.250
3.1893744468688965,1,1,14767,922.938
3.1932289600372314,1,1,28978,1811.125
3.1972877979278564,1,1,32767,2047.938
3.2012243270874023,1,1,30704,1919.000
3.2052221298217773,1,1,15931,995.688
3.2092199325561523,1,1,14552,909.500
3.213217258453369,1,1,28502,1781.375
3.2172553539276123,1,1,32767,2047.938
3.2212226390838623,1,1,31056,1941.000
3.2252182960510254,1,1,16149,1009.312
3.2292332649230957,1,1,14282,892.625
3.2332332134246826,1,1,28022,1751.375
3.237260580062866,1,1,32767,2047.938
3.2412211894989014,1,1,31528,1970.500
3.2452168464660645,1,1,16470,1029.375
3.249260187149048,1,1,14114,882.125
3.2532460689544678,1,1,27596,1724.750
3.25726318359375,1,1,32767,2047.938
3.261229991912842,1,1,31978,1998.625
3.2652275562286377,1,1,16750,1046.875
3.269230604171753,1,1,13767,860.438
3.273298978805542,1,1,26908,1681.750
3.2772722244262695,1,1,32767,2047.938
3.2813782691955566,1,1,32232,2014.500
3.2853620052337646,1,1,16926,1057.875
3.289250612258911,1,1,13547,846.688
3.2932217121124268,1,1,26487,1655.438
3.297346830368042,1,1,32767,2047.938
3.3012945652008057,1,1,32736,2046.000
3.3052728176116943,1,1,17397,1087.312
3.3092706203460693,1,1,13503,843.938
3.313256025314331,1,1,26011,1625.688
3.3172945976257324,1,1,32767,2047.938
3.321338653564453,1,1,32767,2047.938
3.32528018951416,1,1,17768,1110.500
3.3292689323425293,1,1,13446,840.375
3.3332676887512207,1,1,25633,1602.062
3.3373003005981445,1,1,32767,2047.938
3.341280937194824,1,1,32767,2047.938
3.345268487930298,1,1,18309,1144.312
3.349273204803467,1,1,13410,838.125
3.3532660007476807,1,1,25126,1570.375
3.357295036315918,1,1,32767,2047.938
3.361267566680908,1,1,32767,2047.938
3.365264415740967,1,1,18638,1164.875
3.3692662715911865,1,1,13225,826.562
3.3732681274414062,1,1,24539,1533.688
3.3773066997528076,1,1,32767,2047.938
3.381276845932007,1,1,32767,2047.938
3.385267496109009,1,1,19011,1188.188
3.3892710208892822,1,1,13156,822.250
3.3932693004608154,1,1,24100,1506.250
3.3973755836486816,1,1,32767,2047.938
3.4012391567230225,1,1,32767,2047.938
3.405231475830078,1,1,19386,1211.625
3.409229040145874,1,1,13088,818.000
3.4132232666015625,1,1,23641,1477.562
3.4172677993774414,1,1,32767,2047.938
3.4212334156036377,1,1,32767,2047.938
3.4252285957336426,1,1,19820,1238.750
3.429229736328125,1,1,13021,813.812
3.433227300643921,1,1,23140,1446.250
3.4372572898864746,1,1,32767,2047.938
3.441220760345459,1,1,32767,2047.938
3.44521427154541,1,1,20306,1269.125
3.4492292404174805,1,1,13059,816.188
3.453226089477539,1,1,22684,1417.750
3.457261323928833,1,1,32767,2047.938
3.461229085922241,1,1,32767,2047.938
3.465228796005249,1,1,20763,1297.688
3.4692306518554688,1,1,13048,815.500
3.473227024078369,1,1,22275,1392.188
3.4772555828094482,1,1,32767,2047.938
3.4812281131744385,1,1,32767,2047.938
3.4852287769317627,1,1,21173,1323.312
3.4892289638519287,1,1,12932,808.250
3.4932281970977783,1,1,21610,1350.625
3.497339963912964,1,1,32767,2047.938
3.5012693405151367,1,1,32767,2047.938
3.505265712738037,1,1,21435,1339.688
3.509268045425415,1,1,12808,800.500
3.5132648944854736,1,1,21081,1317.562
3.5172979831695557,1,1,32767,2047.938
3.521265983581543,1,1,32767,2047.938
3.5252645015716553,1,1,22002,1375.125
3.5292649269104004,1,1,12956,809.750
3.5332605838775635,1,1,20757,1297.312
3.5372979640960693,1,1,32767,2047.938
3.5412683486938477,1,1,32767,2047.938
3.54526424407959,1,1,22561,1410.062
3.5492658615112305,1,1,13049,815.562
3.5532643795013428,1,1,20319,1269.938
3.5572972297668457,1,1,32767,2047.938
3.5612685680389404,1,1,32767,2047.938
3.565260887145996,1,1,23114,1444.625
3.569263458251953,1,1,13108,819.250
3.5732643604278564,1,1,19767,1235.438
3.5773065090179443,1,1,32767,2047.938
3.5812628269195557,1,1,32767,2047.938
3.5852630138397217,1,1,23355,1459.688
3.589266777038574,1,1,13094,818.375
3.5932648181915283,1,1,19419,1213.688
3.5973446369171143,1,1,32767,2047.938
3.6012308597564697,1,1,32767,2047.938
3.605224132537842,1,1,23901,1493.812
3.609227418899536,1,1,18896,1181.000
3.6132242679595947,1,1,32767,2047.938
3.617260456085205,1,1,32767,2047.938
3.6212193965911865,1,1,24386,1524.125
3.625213861465454,1,1,13237,827.312
3.629220724105835,1,1,18415,1150.938
3.6332168579101562,1,1,32767,2047.938
3.6372580528259277,1,1,32767,2047.938
3.641227960586548,1,1,24881,1555.062
3.6452414989471436,1,1,13305,831.562
3.6492300033569336,1,1,18022,1126.375
3.6532270908355713,1,1,32767,2047.938
3.657257080078125,1,1,32767,2047.938
3.6612257957458496,1,1,25373,1585.812
3.6652257442474365,1,1,13470,841.875
3.669224739074707,1,1,17666,1104.125
3.673222064971924,1,1,32767,2047.938
3.677252769470215,1,1,32767,2047.938
3.6812267303466797,1,1,25875,1617.188
3.68522572517395,1,1,13675,854.688
3.689223527908325,1,1,17374,1085.875
3.693220615386963,1,1,32599,2037.438
3.6973347663879395,1,1,32767,2047.938
3.701267957687378,1,1,26367,1647.938
3.7052688598632812,1,1,13769,860.562
3.7092649936676025,1,1,16919,1057.438
3.713261842727661,1,1,32125,2007.812
3.7172975540161133,1,1,32767,2047.938
3.721263885498047,1,1,26797,1674.812
3.7252635955810547,1,1,13872,867.000
3.729262113571167,1,1,16507,1031.688
3.7332606315612793,1,1,31694,1980.875
3.7372922897338867,1,1,32767,2047.938
3.741264581680298,1,1,27307,1706.688
3.7452619075775146,1,1,14072,879.500
3.7492623329162598,1,1,16181,1011.312
3.7532641887664795,1,1,31368,1960.500
3.7573063373565674,1,1,32767,2047.938
3.761263847351074,1,1,27989,1749.312
3.7652597427368164,1,1,14422,901.375
3.7692604064941406,1,1,15942,996.375
3.773261308670044,1,1,30930,1933.125
3.7772934436798096,1,1,32767,2047.938
3.7812583446502686,1,1,28401,1775.062
3.7852609157562256,1,1,14618,913.625
3.7892627716064453,1,1,15624,976.500
3.793262004852295,1,1,30446,1902.875
3.7973439693450928,1,1,32767,2047.938
3.8012309074401855,1,1,28774,1798.375
3.8052234649658203,1,1,14708,919.250
3.8092241287231445,1,1,15284,955.250
3.8132269382476807,1,1,30057,1878.562
3.817258834838867,1,1,32767,2047.938
3.8212225437164307,1,1,29290,1830.625
3.825223207473755,1,1,15007,937.938
3.829225778579712,1,1,14995,937.188
3.833223342895508,1,1,29587,1849.188
3.8372490406036377,1,1,32767,2047.938
3.841224431991577,1,1,29878,1867.375
3.8452227115631104,1,1,15377,961.062
3.8492236137390137,1,1,14760,922.500
3.8532214164733887,1,1,29028,1814.250
3.8572564125061035,1,1,32767,2047.938
3.861226797103882,1,1,30188,1886.750
3.8652231693267822,1,1,15512,969.500
3.8692262172698975,1,1,14442,902.625
3.873222589492798,1,1,28574,1785.875
3.8772530555725098,1,1,32767,2047.938
3.8812241554260254,1,1,30705,1919.062
3.8852224349975586,1,1,15943,996.438
3.88922119140625,1,1,14434,902.125
3.8932201862335205,1,1,28301,1768.812
3.897333860397339,1,1,32767,2047.938
3.90126371383667,1,1,31226,1951.625
3.9052631855010986,1,1,16230,1014.375
3.9092628955841064,1,1,14114,882.125
3.9132583141326904,1,1,27738,1733.625
3.9172921180725098,1,1,32767,2047.938
3.921260356903076,1,1,31579,1973.688
3.9252593517303467,1,1,16353,1022.062
3.929260015487671,1,1,13732,858.250
3.933255910873413,1,1,27089,1693.062
3.937286138534546,1,1,32767,2047.938
3.9412472248077393,1,1,32024,2001.500
3.9452450275421143,1,1,16856,1053.500
3.9492549896240234,1,1,13773,860.812
3.9532549381256104,1,1,26764,1672.750
3.9572834968566895,1,1,32767,2047.938
3.9612627029418945,1,1,32421,2026.312
3.9652562141418457,1,1,17170,1073.125
3.9692561626434326,1,1,13574,848.375
3.973256826400757,1,1,26297,1643.562
3.9772849082946777,1,1,32767,2047.938
3.981255531311035,1,1,32767,2047.938
3.985255002975464,1,1,17498,1093.625
3.989254951477051,1,1,13379,836.188
3.993255853652954,1,1,25702,1606.375
3.9973371028900146,1,1,32767,2047.938
4.001224040985107,1,1,32767,2047.938
4.005218744277954,1,1,17896,1118.500
4.0092198848724365,1,1,13319,832.438
4.0132224559783936,1,1,25269,1579.312
4.022729396820068,1,1,18147,1134.188
4.025240898132324,1,1,18147,1134.188
4.029228687286377,1,1,13088,818.000
4.033229827880859,1,1,24775,1548.438
4.0372538566589355,1,1,32767,2047.938
4.041219472885132,1,1,32767,2047.938
4.045215368270874,1,1,18675,1167.188
4.049222707748413,1,1,13098,818.625
4.05321741104126,1,1,24355,1522.188
4.057245969772339,1,1,32767,2047.938
4.061218738555908,1,1,32767,2047.938
4.065218687057495,1,1,19132,1195.750
4.069221258163452,1,1,12973,810.812
4.073220491409302,1,1,23718,1482.375
4.077250957489014,1,1,32767,2047.938
4.081219673156738,1,1,32767,2047.938
4.085219144821167,1,1,19396,1212.250
4.089218378067017,1,1,12892,805.750
4.0932159423828125,1,1,23267,1454.188
4.097278833389282,1,1,32767,2047.938
4.101219415664673,1,1,32767,2047.938
4.1052165031433105,1,1,19802,1237.625
4.109215021133423,1,1,12845,802.812
4.11321759223938,1,1,22825,1426.562
4.117250919342041,1,1,32767,2047.938
4.1212193965911865,1,1,32767,2047.938
4.125218868255615,1,1,20419,1276.188
4.13320779800415,1,1,22377,1398.562
4.134565830230713,1,1,32767,2047.938
4.137292861938477,1,1,32767,2047.938
4.14121675491333,1,1,32767,2047.938
4.145220518112183,1,1,20776,1298.500
4.149217367172241,1,1,12817,801.062
4.153212785720825,1,1,21731,1358.188
4.157250881195068,1,1,32767,2047.938
4.161210298538208,1,1,32767,2047.938
4.165205478668213,1,1,21173,1323.312
4.16922402381897,1,1,12798,799.875
4.173220872879028,1,1,21337,1333.562
4.17724347114563,1,1,32767,2047.938
4.18121862411499,1,1,32767,2047.938
4.185218811035156,1,1,21759,1359.938
4.189218521118164,1,1,12956,809.750
4.1932148933410645,1,1,20965,1310.312
4.197280645370483,1,1,32767,2047.938
4.2012224197387695,1,1,32767,2047.938
4.205221891403198,1,1,22106,1381.625
4.209219694137573,1,1,20491,1280.688
4.213216543197632,1,1,32767,2047.938
4.217252969741821,1,1,32767,2047.938
4.221221685409546,1,1,22626,1414.125
4.225216865539551,1,1,12885,805.312
4.229218244552612,1,1,19908,1244.250
4.233215093612671,1,1,32767,2047.938
4.237241268157959,1,1,32767,2047.938
4.241222620010376,1,1,23024,1439.000
4.245216369628906,1,1,12964,810.250
4.249218940734863,1,1,19543,1221.438
4.253217458724976,1,1,32767,2047.938
4.257244825363159,1,1,32767,2047.938
4.2612059116363525,1,1,23499,1468.688
4.2652058601379395,1,1,12916,807.250
4.2692201137542725,1,1,18952,1184.500
4.2732179164886475,1,1,32767,2047.938
4.277240753173828,1,1,32767,2047.938
4.281221389770508,1,1,23959,1497.438
4.285218954086304,1,1,13006,812.875
4.289214372634888,1,1,18592,1162.000
4.293203830718994,1,1,32767,2047.938
4.297329664230347,1,1,32767,2047.938
4.301259994506836,1,1,24610,1538.125
4.305256605148315,1,1,13331,833.188
4.30925726890564,1,1,18381,1148.812
4.313255310058594,1,1,32767,2047.938
4.3172900676727295,1,1,32767,2047.938
4.321262836456299,1,1,25014,1563.375
4.32526421546936,1,1,13288,830.500
4.329256772994995,1,1,17827,1114.188
4.333251953125,1,1,32767,2047.938
4.337286710739136,1,1,32767,2047.938
4.341260194778442,1,1,25476,1592.250
4.345254898071289,1,1,13435,839.688
4.349254369735718,1,1,17439,1089.938
4.353254079818726,1,1,32696,2043.500
4.357284784317017,1,1,32767,2047.938
4.361255645751953,1,1,26003,1625.188
4.365248441696167,1,1,13604,850.250
4.36925482749939,1,1,17025,1064.062
4.373255968093872,1,1,32239,2014.938
4.377284526824951,1,1,32767,2047.938
4.381258249282837,1,1,26537,1658.562
4.385254383087158,1,1,13830,864.375
4.389252424240112,1,1,16787,1049.188
4.393253564834595,1,1,31950,1996.875
4.397351026535034,1,1,32767,2047.938
4.401223182678223,1,1,27006,1687.875
4.405218124389648,1,1,13951,871.938
4.4092183113098145,1,1,16337,1021.062
4.4132139682769775,1,1,31484,1967.750
4.4172539710998535,1,1,32767,2047.938
4.421220541000366,1,1,27482,1717.625
4.425216197967529,1,1,14084,880.250
4.429214715957642,1,1,15939,996.188
4.433214902877808,1,1,31027,1939.188
4.437244653701782,1,1,32767,2047.938
4.441204786300659,1,1,28047,1752.938
4.445201396942139,1,1,14440,902.500
4.449213027954102,1,1,15803,987.688
4.453212738037109,1,1,30745,1921.562
4.4572834968566895,1,1,32767,2047.938
4.461215496063232,1,1,28598,1787.375
4.4652135372161865,1,1,14700,918.750
4.469215393066406,1,1,15477,967.312
4.4732160568237305,1,1,30203,1887.688
4.477244853973389,1,1,32767,2047.938
4.481215715408325,1,1,28801,1800.062
4.4852142333984375,1,1,14651,915.688
4.489214897155762,1,1,15007,937.938
4.493212699890137,1,1,29710,1856.875
4.497329473495483,1,1,32767,2047.938
4.501255035400391,1,1,29333,1833.312
4.505249500274658,1,1,15020,938.750
4.509249925613403,1,1,14872,929.500
4.513249635696411,1,1,29389,1836.812
4.5172858238220215,1,1,32767,2047.938
4.521254062652588,1,1,29887,1867.938
4.525253057479858,1,1,15301,956.312
4.529253721237183,1,1,14574,910.875
4.53324818611145,1,1,28816,1801.000
4.5372819900512695,1,1,32767,2047.938
4.541254281997681,1,1,30145,1884.062
4.5452494621276855,1,1,15449,965.562
4.549246311187744,1,1,14262,891.375
4.553248882293701,1,1,28330,1770.625
4.5572829246521,1,1,32767,2047.938
4.561257600784302,1,1,30741,1921.312
4.565263509750366,1,1,15872,992.000
4.569246292114258,1,1,14163,885.188
4.573239326477051,1,1,27979,1748.688
4.5772833824157715,1,1,32767,2047.938
4.581401824951172,1,1,31141,1946.312
4.585418462753296,1,1,16106,1006.625
4.589274644851685,1,1,13858,866.125
4.59324049949646,1,1,27377,1711.062
4.59735107421875,1,1,32767,2047.938
4.601224422454834,1,1,31614,1975.875
4.605215311050415,1,1,16472,1029.500
4.609219312667847,1,1,13698,856.125
4.613205432891846,1,1,26919,1682.438
4.617242813110352,1,1,32767,2047.938
4.6212852001190186,1,1,32010,2000.625
4.6252195835113525,1,1,16826,1051.625
4.629215240478516,1,1,13561,847.562
4.633213996887207,1,1,26455,1653.438
4.637236833572388,1,1,32767,2047.938
4.64124059677124,1,1,32457,2028.562
4.645419597625732,1,1,17136,1071.000
4.649217128753662,1,1,13261,828.812
4.653201341629028,1,1,25783,1611.438
4.657250642776489,1,1,32767,2047.938
4.66181492805481,1,1,32767,2047.938
4.666093587875366,1,1,17546,1096.625
4.67044734954834,1,1,25499,1593.688
4.673481464385986,1,1,25499,1593.688
4.677418947219849,1,1,32767,2047.938
4.681233167648315,1,1,32767,2047.938
4.685201406478882,1,1,17872,1117.000
4.689205884933472,1,1,13142,821.375
4.693201541900635,1,1,25037,1564.812
4.697308540344238,1,1,32767,2047.938
4.701210021972656,1,1,32767,2047.938
4.705202579498291,1,1,18260,1141.250
4.709205389022827,1,1,13049,815.562
4.713200092315674,1,1,24564,1535.250
4.717237949371338,1,1,32767,2047.938
4.721226215362549,1,1,32767,2047.938
4.725214242935181,1,1,18669,1166.812
4.729214429855347,1,1,12957,809.812
4.733208417892456,1,1,24039,1502.438
4.737236022949219,1,1,32767,2047.938
4.741209983825684,1,1,32767,2047.938
4.745208024978638,1,1,19148,1196.750
4.749208688735962,1,1,12979,811.188
4.753208875656128,1,1,23601,1475.062
4.757237434387207,1,1,32767,2047.938
4.761210203170776,1,1,32767,2047.938
4.765206813812256,1,1,19410,1213.125
4.769211053848267,1,1,12757,797.312
4.773210763931274,1,1,23040,1440.000
4.777236461639404,1,1,32767,2047.938
4.781212091445923,1,1,32767,2047.938
4.785208702087402,1,1,19874,1242.125
4.7892115116119385,1,1,12754,797.125
4.793207168579102,1,1,22575,1410.938
4.79737401008606,1,1,32767,2047.938
4.8012542724609375,1,1,32767,2047.938
4.805238723754883,1,1,20296,1268.500
4.809240818023682,1,1,22001,1375.062
4.813237905502319,1,1,32767,2047.938
4.8172948360443115,1,1,32767,2047.938
4.821234464645386,1,1,20779,1298.688
4.825234413146973,1,1,12760,797.500
4.829241514205933,1,1,21702,1356.375
4.833233833312988,1,1,32767,2047.938
4.837285041809082,1,1,32767,2047.938
4.841236114501953,1,1,21343,1333.938
4.845237731933594,1,1,12888,805.500
4.849241018295288,1,1,21281,1330.062
4.85323429107666,1,1,32767,2047.938
4.857280254364014,1,1,32767,2047.938
4.861237049102783,1,1,21614,1350.875
4.865235090255737,1,1,12611,788.188
4.869239807128906,1,1,20516,1282.250
4.873241186141968,1,1,32767,2047.938
4.877283334732056,1,1,32767,2047.938
4.881237745285034,1,1,22127,1382.938
4.885235071182251,1,1,12708,794.250
4.889254808425903,1,1,20137,1258.562
4.8932507038116455,1,1,32767,2047.938
4.897347450256348,1,1,32767,2047.938
4.901215553283691,1,1,22592,1412.000
4.905210971832275,1,1,12733,795.812
4.909215927124023,1,1,19660,1228.750
4.913210391998291,1,1,32767,2047.938
4.917250633239746,1,1,32767,2047.938
4.921212911605835,1,1,23215,1450.938
4.925212144851685,1,1,13068,816.750
4.929213523864746,1,1,19486,1217.875
4.933208465576172,1,1,32767,2047.938
4.937239170074463,1,1,32767,2047.938
4.94120192527771,1,1,23870,1491.875
4.94519829750061,1,1,13226,826.625
4.94921088218689,1,1,19110,1194.375
4.953207731246948,1,1,32767,2047.938
4.957233667373657,1,1,32767,2047.938
4.9612135887146,1,1,24293,1518.312
4.965210199356079,1,1,13225,826.562
4.969210147857666,1,1,18590,1161.875
4.973209857940674,1,1,32767,2047.938
4.977238893508911,1,1,32767,2047.938
4.981197834014893,1,1,24787,1549.188
4.985196590423584,1,1,13357,834.812
4.989217042922974,1,1,18137,1133.562
4.993208169937134,1,1,32767,2047.938
4.997300863265991,1,1,32767,2047.938
5.001247406005859,1,1,25171,1573.188
5.005245685577393,1,1,13369,835.562
5.00924825668335,1,1,17655,1103.438
5.013244867324829,1,1,32767,2047.938
5.017282962799072,1,1,32767,2047.938
5.0406482219696045,1,1,26082,1630.125
5.041956663131714,1,1,26082,1630.125
5.045258045196533,1,1,13610,850.625
5.049249172210693,1,1,16922,1057.625
5.053246021270752,1,1,32125,2007.812
5.057279109954834,1,1,32767,2047.938
5.061244249343872,1,1,26573,1660.812
5.065244197845459,1,1,13816,863.500
5.069245338439941,1,1,16627,1039.188
5.073243618011475,1,1,31832,1989.500
5.077283143997192,1,1,32767,2047.938
5.081244945526123,1,1,27141,1696.312
5.08524489402771,1,1,13997,874.812
5.089247226715088,1,1,16212,1013.250
5.0932416915893555,1,1,31316,1957.250
5.097351789474487,1,1,32767,2047.938
5.101213216781616,1,1,27615,1725.938
5.105207204818726,1,1,14208,888.000
5.109210252761841,1,1,15948,996.750
5.113205909729004,1,1,30985,1936.562
5.1172473430633545,1,1,32767,2047.938
5.1212074756622314,1,1,28047,1752.938
5.1252052783966064,1,1,14301,893.812
5.133226156234741,1,1,30593,1912.062
5.134573936462402,1,1,30593,1912.062
5.137282848358154,1,1,32767,2047.938
5.1412036418914795,1,1,28671,1791.938
5.14520788192749,1,1,14728,920.500
5.149218797683716,1,1,15419,963.688
5.153199672698975,1,1,30111,1881.938
5.157240629196167,1,1,32767,2047.938
5.1611974239349365,1,1,28999,1812.438
5.165196418762207,1,1,14838,927.375
5.169213533401489,1,1,14983,936.438
5.173207521438599,1,1,29567,1847.938
5.177238702774048,1,1,32767,2047.938
5.181209564208984,1,1,29565,1847.812
5.18520712852478,1,1,15156,947.250
5.189209222793579,1,1,14801,925.062
5.1932053565979,1,1,29197,1824.812
5.197269916534424,1,1,32767,2047.938
5.201212644577026,1,1,29961,1872.562
5.20520544052124,1,1,15389,961.812
5.209208726882935,1,1,14550,909.375
5.213208198547363,1,1,28736,1796.000
5.217242002487183,1,1,32767,2047.938
5.221204996109009,1,1,30415,1900.938
5.225206613540649,1,1,15707,981.688
5.229207515716553,1,1,14343,896.438
5.233205795288086,1,1,28327,1770.438
5.237287759780884,1,1,32767,2047.938
5.241199493408203,1,1,30948,1934.250
5.2451958656311035,1,1,16024,1001.500
5.249232053756714,1,1,14166,885.375
5.253232717514038,1,1,27889,1743.062
5.257237911224365,1,1,32767,2047.938
5.26120400428772,1,1,31401,1962.562
5.265202283859253,1,1,16330,1020.625
5.269205093383789,1,1,13929,870.562
5.27320408821106,1,1,27362,1710.125
5.277236700057983,1,1,32767,2047.938
5.28122615814209,1,1,31822,1988.875
5.285246133804321,1,1,16633,1039.562
5.2892115116119385,1,1,13744,859.000
5.293423414230347,1,1,26950,1684.375
5.297384023666382,1,1,32767,2047.938
5.301256895065308,1,1,32238,2014.875
5.305241346359253,1,1,16927,1057.938
5.309241056442261,1,1,13511,844.438
5.313230276107788,1,1,26392,1649.500
5.317277193069458,1,1,32767,2047.938
5.32132363319397,1,1,32692,2043.250
5.325249910354614,1,1,17410,1088.125
5.329244136810303,1,1,13494,843.375
5.333240985870361,1,1,25936,1621.000
5.337270021438599,1,1,32767,2047.938
5.341256380081177,1,1,32767,2047.938
5.345244407653809,1,1,17686,1105.375
5.3492443561553955,1,1,13378,836.125
5.3532395362854,1,1,25518,1594.875
5.357268571853638,1,1,32767,2047.938
5.361241817474365,1,1,32767,2047.938
5.365240097045898,1,1,18023,1126.438
5.369242429733276,1,1,13099,818.688
5.373238801956177,1,1,24911,1556.938
5.377288341522217,1,1,32767,2047.938
5.38124418258667,1,1,32767,2047.938
5.385241508483887,1,1,18511,1156.938
5.389244794845581,1,1,13116,819.750
5.393242359161377,1,1,24453,1528.312
5.397343873977661,1,1,32767,2047.938
5.401210784912109,1,1,32767,2047.938
5.405207395553589,1,1,18786,1174.125
5.409205913543701,1,1,23855,1490.938
5.413203001022339,1,1,32767,2047.938
5.41723895072937,1,1,32767,2047.938
5.421206951141357,1,1,19031,1189.438
5.425203323364258,1,1,12734,795.875
5.429203033447266,1,1,23339,1458.688
5.4332051277160645,1,1,32767,2047.938
5.437231540679932,1,1,32767,2047.938
5.441191911697388,1,1,19580,1223.750
5.445190191268921,1,1,12706,794.125
5.449203729629517,1,1,22777,1423.562
5.453200578689575,1,1,32767,2047.938
5.457279205322266,1,1,32767,2047.938
5.4612061977386475,1,1,19933,1245.812
5.465202331542969,1,1,12653,790.812
5.469203472137451,1,1,22347,1396.688
5.473201274871826,1,1,32767,2047.938
5.477229595184326,1,1,32767,2047.938
5.48120379447937,1,1,20497,1281.062
5.485202312469482,1,1,12752,797.000
5.48920202255249,1,1,21956,1372.250
5.493200063705444,1,1,32767,2047.938
5.497320175170898,1,1,32767,2047.938
5.5012407302856445,1,1,20970,1310.625
5.505238771438599,1,1,12739,796.188
5.50924015045166,1,1,21480,1342.500
5.513237237930298,1,1,32767,2047.938
5.517270565032959,1,1,32767,2047.938
5.521238803863525,1,1,21364,1335.250
5.525238275527954,1,1,12721,795.062
5.529237747192383,1,1,20957,1309.812
5.533235788345337,1,1,32767,2047.938
5.5372700691223145,1,1,32767,2047.938
5.541239261627197,1,1,21821,1363.812
5.545235872268677,1,1,12757,797.312
5.54923677444458,1,1,20557,1284.812
5.553239345550537,1,1,32767,2047.938
5.557271718978882,1,1,32767,2047.938
5.561237573623657,1,1,22467,1404.188
5.565235376358032,1,1,12941,808.812
5.5692362785339355,1,1,20197,1262.312
5.573237419128418,1,1,32767,2047.938
5.577275514602661,1,1,32767,2047.938
5.581233978271484,1,1,22907,1431.688
5.585235834121704,1,1,12945,809.062
5.589235067367554,1,1,19708,1231.750
5.593233585357666,1,1,32767,2047.938
5.5973169803619385,1,1,32767,2047.938
5.601202964782715,1,1,23552,1472.000
5.605195760726929,1,1,13110,819.375
5.609198570251465,1,1,19228,1201.750
5.6131978034973145,1,1,32767,2047.938
5.617234468460083,1,1,32767,2047.938
5.621199131011963,1,1,23725,1482.812
5.625198602676392,1,1,13031,814.438
5.62920069694519,1,1,18829,1176.812
5.633196115493774,1,1,32767,2047.938
5.63722562789917,1,1,32767,2047.938
5.641196966171265,1,1,24209,1513.062
5.645208835601807,1,1,13087,817.938
5.649210214614868,1,1,18313,1144.562
5.653202056884766,1,1,32767,2047.938
5.657236576080322,1,1,32767,2047.938
5.661200284957886,1,1,24681,1542.562
5.665200471878052,1,1,13241,827.562
5.669196367263794,1,1,18002,1125.125
5.673189163208008,1,1,32767,2047.938
5.677227258682251,1,1,32767,2047.938
5.6812074184417725,1,1,25203,1575.188
5.685201168060303,1,1,13316,832.250
5.689199686050415,1,1,17546,1096.625
5.693195104598999,1,1,32767,2047.938
5.697311162948608,1,1,32767,2047.938
5.7012269496917725,1,1,25656,1603.500
5.705223560333252,1,1,13412,838.250
5.709249019622803,1,1,17119,1069.938
5.713240146636963,1,1,32382,2023.875
5.717280149459839,1,1,32767,2047.938
5.721240282058716,1,1,26185,1636.562
5.725238800048828,1,1,13573,848.312
5.729235887527466,1,1,16715,1044.688
5.733235597610474,1,1,31911,1994.438
5.737268924713135,1,1,32767,2047.938
5.741239547729492,1,1,26674,1667.125
5.745236158370972,1,1,13804,862.750
5.749231815338135,1,1,16405,1025.312
5.7532360553741455,1,1,31546,1971.625
5.75727105140686,1,1,32767,2047.938
5.761240243911743,1,1,27100,1693.750
5.765237808227539,1,1,13887,867.938
5.769237518310547,1,1,16052,1003.250
5.773237466812134,1,1,31204,1950.250
5.777268648147583,1,1,32767,2047.938
5.78123664855957,1,1,27708,1731.750
5.785236120223999,1,1,14210,888.125
5.7892372608184814,1,1,15773,985.812
5.7932353019714355,1,1,30784,1924.000
5.797322034835815,1,1,32767,2047.938
5.8012049198150635,1,1,28213,1763.312
5.805196285247803,1,1,14415,900.938
5.8092005252838135,1,1,15481,967.562
5.813199996948242,1,1,30388,1899.250
5.81723427772522,1,1,32767,2047.938
5.8211963176727295,1,1,28685,1792.812
5.825198411941528,1,1,14594,912.125
5.829198837280273,1,1,15082,942.625
5.833197355270386,1,1,29826,1864.125
5.8372321128845215,1,1,32767,2047.938
5.841200351715088,1,1,29213,1825.812
5.845197677612305,1,1,15008,938.000
5.849197149276733,1,1,15004,937.750
5.853195667266846,1,1,29465,1841.562
5.857225656509399,1,1,32767,2047.938
5.861200571060181,1,1,29630,1851.875
5.865198135375977,1,1,15159,947.438
5.86919641494751,1,1,14622,913.875
5.873197078704834,1,1,28937,1808.562
5.877228021621704,1,1,32767,2047.938
5.881197452545166,1,1,30035,1877.188
5.8851940631866455,1,1,15396,962.250
5.889197587966919,1,1,14375,898.438
5.893198013305664,1,1,28505,1781.562
5.897306442260742,1,1,32767,2047.938
5.901239395141602,1,1,30547,1909.188
5.905233144760132,1,1,15743,983.938
5.909235715866089,1,1,14193,887.062
5.913235187530518,1,1,28059,1753.688
5.91727089881897,1,1,32767,2047.938
5.921236753463745,1,1,30907,1931.688
5.925234317779541,1,1,15931,995.688
5.929236888885498,1,1,13899,868.688
5.933232069015503,1,1,27544,1721.500
5.937267065048218,1,1,32767,2047.938
5.941224575042725,1,1,31414,1963.375
5.945219993591309,1,1,16278,1017.375
5.949233293533325,1,1,13705,856.562
5.953231334686279,1,1,27049,1690.562
5.9572577476501465,1,1,32767,2047.938
5.961251497268677,1,1,31898,1993.625
5.965249538421631,1,1,16729,1045.562
5.9692347049713135,1,1,13636,852.250
5.9732232093811035,1,1,26674,1667.125
5.977253198623657,1,1,32767,2047.938
5.981234788894653,1,1,32168,2010.500
5.985234260559082,1,1,16919,1057.438
5.9892261028289795,1,1,13396,837.250
5.993313312530518,1,1,26145,1634.062
5.997358322143555,1,1,32664,2041.500
6.001201391220093,1,1,32664,2041.500
6.0051915645599365,1,1,17410,1088.125
6.009197473526001,1,1,25804,1612.750
6.01319694519043,1,1,32767,2047.938
6.017235040664673,1,1,32767,2047.938
6.021271228790283,1,1,17674,1104.625
6.025341510772705,1,1,13162,822.625
