Timestamp,Voltage_mV
0.0,877.625
0.004,877.625
0.008,1567.5
0.012,2047.938
0.016,2047.938
0.02,1204.625
0.024,820.562
0.028,1484.75
0.032,2047.938
0.036,2047.938
0.04,1185.312
0.044,777.375
0.048,1420.312
0.052,2047.938
0.056,2047.938
0.06,1177.875
0.064,735.062
0.068,1346.75
0.072,2047.938
0.076,2047.938
0.08,1155.625
0.084,686.438
0.088,1275.062
0.092,2047.938
0.096,2047.938
0.1,1159.625
0.104,666.438
0.108,1221.75
0.112,2047.938
0.116,2047.938
0.12,1149.75
0.124,629.75
0.128,1162.562
0.132,2038.75
0.136,2047.938
0.14,1157.688
0.144,608.625
0.148,1110.75
0.152,2002.0
0.156,2047.938
0.16,1171.688
0.164,595.062
0.168,1065.125
0.172,1965.188
0.176,2042.062
0.18,1173.5
0.184,571.625
0.188,1014.688
0.192,1931.125
0.196,2044.0
0.2,1195.125
0.204,567.125
0.208,975.75
0.212,1900.688
0.216,2043.688
0.22,1208.812
0.224,555.438
0.228,939.0
0.232,1878.312
0.236,2047.938
0.24,1235.25
0.244,550.438
0.248,891.125
0.252,1829.812
0.256,2040.562
0.26,1256.312
0.264,555.438
0.268,867.75
0.272,1812.875
0.276,2047.938
0.28,1278.75
0.284,552.438
0.288,833.438
0.292,1781.312
0.296,2045.625
0.3,1298.375
0.304,549.875
0.308,801.875
0.312,1757.938
0.316,2047.938
0.32,1335.25
0.324,564.438
0.328,781.625
0.332,1733.875
0.336,2047.938
0.34,1363.062
0.344,575.5
0.348,762.625
0.352,1709.375
0.356,2047.938
0.36,1399.875
0.364,591.375
0.368,742.188
0.372,1686.5
0.376,2047.938
0.38,1426.625
0.384,600.562
0.388,720.375
0.392,1659.062
0.396,2047.938
0.4,1449.562
0.404,604.875
0.408,693.75
0.412,1631.438
0.416,2047.938
0.42,1493.5
0.424,632.25
0.428,683.188
0.432,1607.312
0.436,2047.938
0.44,1524.062
0.444,652.562
0.448,675.875
0.452,1590.5
0.456,2047.938
0.46,1555.375
0.464,667.75
0.468,659.062
0.472,1564.062
0.476,2047.938
0.48,1592.625
0.484,688.562
0.488,644.812
0.492,1540.25
0.496,2047.938
0.5,1630.812
0.504,720.062
0.508,647.562
0.512,1528.062
0.516,2047.938
0.52,1665.75
0.524,740.625
0.528,633.062
0.532,1497.312
0.536,2047.938
0.54,1695.75
0.544,761.625
0.548,623.688
0.552,1472.688
0.556,2047.938
0.56,1728.875
0.564,790.0
0.568,623.25
0.572,1452.312
0.576,2047.938
0.58,1759.375
0.584,810.938
0.588,606.25
0.592,1419.062
0.596,2047.938
0.6,1794.438
0.604,614.562
0.608,1406.25
0.612,2047.938
0.616,1831.938
0.62,881.375
0.624,618.188
0.628,1385.562
0.632,2047.938
0.636,1864.562
0.64,910.625
0.644,615.5
0.648,1360.5
0.652,2047.938
0.656,1901.25
0.66,945.0
0.664,618.125
0.668,1337.625
0.672,2047.938
0.676,1921.188
0.68,971.438
0.684,620.25
0.688,1316.875
0.692,2047.938
0.696,1957.438
0.7,1013.375
0.704,631.062
0.708,1298.312
0.712,2047.938
0.716,1977.188
0.72,1037.125
0.724,627.812
0.728,1274.188
0.732,2047.938
0.736,2014.0
0.74,1077.812
0.744,636.125
0.748,1250.625
0.752,2047.938
0.756,2035.375
0.76,1109.562
0.764,641.188
0.768,1229.5
0.772,2047.938
0.776,2047.938
0.78,1149.062
0.784,655.125
0.788,1215.438
0.792,2047.938
0.796,2047.938
0.8,1192.125
0.804,664.625
0.808,1195.688
0.812,2047.938
0.816,2047.938
0.82,1232.438
0.824,677.438
0.828,1177.188
0.832,2047.938
0.836,2047.938
0.84,1262.5
0.844,682.438
0.848,1152.625
0.852,2047.938
0.856,2047.938
0.86,1302.188
0.864,694.25
0.868,1133.125
0.872,2047.938
0.876,2047.938
0.88,1340.062
0.884,704.938
0.888,1108.812
0.892,2042.188
0.896,2047.938
0.9,1380.062
0.904,720.75
0.908,1090.562
0.912,2029.625
0.916,2047.938
0.92,1420.188
0.924,740.875
0.928,1084.688
0.932,2032.875
0.936,2047.938
0.94,1453.938
0.944,747.625
0.948,1059.75
0.952,2013.688
0.956,2047.938
0.96,1501.75
0.964,769.375
0.968,1039.562
0.972,1991.875
0.976,2047.938
0.98,1542.062
0.984,793.125
0.988,1034.812
0.992,1987.938
0.996,2047.938
1.0,1012.938
1.004,1012.938
1.008,1962.812
1.012,2047.938
1.016,1610.75
1.02,816.0
1.024,993.75
1.028,1947.75
1.032,2047.938
1.036,1654.0
1.04,838.625
1.044,985.812
1.048,1932.562
1.052,2047.938
1.056,1691.5
1.06,861.125
1.064,973.25
1.068,1913.125
1.072,2047.938
1.076,1728.438
1.08,877.125
1.084,955.312
1.088,1888.5
1.092,2047.938
1.096,1762.875
1.1,899.312
1.104,947.875
1.108,1869.875
1.112,2047.938
1.116,1797.938
1.12,936.312
1.124,1852.062
1.128,1852.062
1.132,2047.938
1.136,1842.375
1.14,945.125
1.144,924.25
1.148,1824.875
1.152,2047.938
1.156,1864.5
1.16,954.938
1.164,905.875
1.168,1794.938
1.172,2047.938
1.176,1901.125
1.18,985.125
1.184,902.75
1.188,1777.875
1.192,2047.938
1.196,1932.938
1.2,888.438
1.204,1751.0
1.208,2047.938
1.212,1970.188
1.216,1030.5
1.22,882.0
1.224,1724.5
1.228,2047.938
1.232,1993.688
1.236,1052.875
1.24,878.312
1.244,1699.688
1.248,2047.938
1.252,2024.125
1.256,1075.25
1.26,868.125
1.264,1673.375
1.268,2047.938
1.272,2047.938
1.276,1103.438
1.28,865.375
1.284,1652.938
1.288,2047.938
1.292,2047.938
1.296,1130.125
1.3,857.125
1.304,1616.875
1.308,2047.938
1.312,2047.938
1.316,1152.125
1.32,846.125
1.324,1582.438
1.328,2047.938
1.332,2047.938
1.336,1181.938
1.34,851.312
1.344,1560.062
1.348,2047.938
1.352,2047.938
1.356,1208.938
1.36,846.25
1.364,1529.5
1.368,2047.938
1.372,2047.938
1.376,1239.0
1.38,843.812
1.384,1501.125
1.388,2047.938
1.392,2047.938
1.396,1273.062
1.4,850.5
1.404,1479.25
1.408,2047.938
1.412,2047.938
1.416,1298.875
1.42,845.25
1.424,1446.188
1.428,2047.938
1.432,2047.938
1.436,1327.438
1.44,847.562
1.444,1422.25
1.448,2047.938
1.452,2047.938
1.456,1351.125
1.46,845.062
1.464,1395.875
1.468,2047.938
1.472,2047.938
1.476,1383.312
1.48,843.562
1.484,1362.938
1.488,2047.938
1.492,2047.938
1.496,1412.75
1.5,855.188
1.504,1346.562
1.508,2047.938
1.512,2047.938
1.516,1444.5
1.52,854.0
1.524,1310.375
1.528,2047.938
1.532,2047.938
1.536,1474.812
1.54,857.25
1.544,1280.938
1.548,2047.938
1.552,2047.938
1.556,1502.812
1.56,861.812
1.564,1254.188
1.568,2047.938
1.572,2047.938
1.576,1535.25
1.58,869.25
1.584,1231.438
1.588,2047.938
1.592,2047.938
1.596,1563.062
1.6,872.062
1.604,1205.25
1.608,2047.938
1.612,2047.938
1.616,1604.312
1.62,888.562
1.624,1183.188
1.628,2047.938
1.632,2047.938
1.636,1639.375
1.64,900.5
1.644,1166.688
1.648,2047.938
1.652,2047.938
1.656,1663.5
1.66,899.562
1.664,1133.0
1.668,2047.938
1.672,2047.938
1.676,1701.25
1.68,925.062
1.684,1127.125
1.688,2047.938
1.692,2047.938
1.696,1727.562
1.7,921.562
1.704,1090.562
1.708,2040.0
1.712,2047.938
1.716,1764.5
1.72,941.312
1.724,1076.0
1.728,2021.125
1.732,2047.938
1.736,1794.062
1.74,953.0
1.744,1056.188
1.748,1991.875
1.752,2047.938
1.756,1821.625
1.76,967.125
1.764,1039.875
1.768,1968.5
1.772,2047.938
1.776,1851.438
1.78,976.125
1.784,1011.25
1.788,1932.812
1.792,2047.938
1.796,1886.5
1.8,1000.625
1.804,1905.875
1.808,2047.938
1.812,1913.125
1.816,1009.125
1.82,980.375
1.824,1879.25
1.828,2047.938
1.832,1937.25
1.836,1023.688
1.84,965.125
1.844,1849.125
1.848,2047.938
1.852,1973.938
1.856,1049.0
1.86,953.375
1.864,1821.5
1.868,2047.938
1.872,1996.25
1.876,1060.062
1.88,935.562
1.884,1789.938
1.888,2047.938
1.892,2024.125
1.896,1081.438
1.9,925.062
1.904,1762.062
1.908,2047.938
1.912,2047.938
1.916,1104.812
1.92,913.75
1.924,1731.062
1.928,2047.938
1.932,2047.938
1.936,1126.188
1.94,903.25
1.944,1698.062
1.948,2047.938
1.952,2047.938
1.956,1138.312
1.96,885.562
1.964,1660.938
1.968,2047.938
1.972,2047.938
1.976,1164.75
1.98,882.5
1.984,1638.188
1.988,2047.938
1.992,2047.938
1.996,1192.25
2.0,2047.938
2.004,2047.938
2.008,2047.938
2.012,1220.438
2.016,870.938
2.02,1571.25
2.024,2047.938
2.028,2047.938
2.032,1238.312
2.036,865.938
2.04,1539.0
2.044,2047.938
2.048,2047.938
2.052,1255.625
2.056,850.25
2.06,1502.375
2.064,2047.938
2.068,2047.938
2.072,1292.688
2.076,854.125
2.08,1470.062
2.084,2047.938
2.088,2047.938
2.092,1310.5
2.096,849.25
2.1,1445.062
2.104,2047.938
2.108,2047.938
2.112,1338.312
2.116,1416.375
2.12,1416.375
2.124,2047.938
2.128,2047.938
2.132,1373.5
2.136,855.0
2.14,1388.75
2.144,2047.938
2.148,2047.938
2.152,1393.562
2.156,849.25
2.16,1355.062
2.164,2047.938
2.168,2047.938
2.172,1418.75
2.176,839.562
2.18,1314.312
2.184,2047.938
2.188,2047.938
2.192,1448.75
2.196,846.312
2.2,1290.062
2.204,2047.938
2.208,2047.938
2.212,1474.438
2.216,848.375
2.22,1262.188
2.224,2047.938
2.228,2047.938
2.232,1514.5
2.236,861.062
2.24,1241.0
2.244,2047.938
2.248,2047.938
2.252,1545.375
2.256,870.312
2.26,1220.75
2.264,2047.938
2.268,2047.938
2.272,1573.688
2.276,869.812
2.28,1184.5
2.284,2047.938
2.288,2047.938
2.292,1594.5
2.296,867.125
2.3,1153.625
2.304,2047.938
2.308,2047.938
2.312,1630.688
2.316,878.562
2.32,1129.125
2.324,2047.938
2.328,2047.938
2.332,1664.938
2.336,893.062
2.34,1112.938
2.344,2047.938
2.348,2047.938
2.352,1693.25
2.356,899.312
2.36,1084.0
2.364,2031.25
2.368,2047.938
2.372,1719.375
2.376,903.562
2.38,1058.188
2.384,2047.938
2.388,2047.938
2.392,1740.688
2.396,1036.0
2.4,1981.625
2.404,2047.938
2.408,1782.0
2.412,929.25
2.416,1017.312
2.42,1954.125
2.424,2047.938
2.428,1810.625
2.432,941.875
2.436,995.688
2.44,1920.125
2.444,2047.938
2.448,1839.562
2.452,958.438
2.456,983.375
2.46,1904.938
2.464,2047.938
2.468,1875.812
2.472,976.688
2.476,965.812
2.48,1872.375
2.484,2047.938
2.488,1901.875
2.492,993.875
2.496,954.0
2.5,1845.125
2.504,2047.938
2.508,1922.375
2.512,1003.25
2.516,931.125
2.52,1808.5
2.524,2047.938
2.528,1953.562
2.532,1021.625
2.536,911.625
2.54,1775.25
2.544,2047.938
2.548,1974.625
2.552,1035.688
2.556,900.0
2.56,1749.125
2.564,2047.938
2.568,2006.688
2.572,1061.438
2.576,891.625
2.58,1717.438
2.584,2047.938
2.588,2028.0
2.592,1079.438
2.596,879.125
2.6,1687.188
2.604,2047.938
2.608,2047.938
2.612,1100.188
2.616,865.5
2.62,1651.062
2.624,2047.938
2.628,2047.938
2.632,1124.875
2.636,864.25
2.64,1634.0
2.644,2047.938
2.648,2047.938
2.652,1148.688
2.656,852.938
2.66,1599.0
2.664,2047.938
2.668,2047.938
2.672,1167.5
2.676,840.125
2.68,1560.125
2.684,2047.938
2.688,2047.938
2.692,1192.75
2.696,838.125
2.7,1527.875
2.704,2047.938
2.708,2047.938
2.712,1209.75
2.716,823.125
2.72,1492.812
2.724,2047.938
2.728,2047.938
2.732,1242.25
2.736,827.062
2.74,1469.5
2.744,2047.938
2.748,2047.938
2.752,1268.875
2.756,826.75
2.76,1440.0
2.764,2047.938
2.768,2047.938
2.772,1295.688
2.776,823.75
2.78,1413.875
2.784,2047.938
2.788,2047.938
2.792,1314.812
2.796,810.188
2.8,1365.625
2.804,2047.938
2.808,2047.938
2.812,1347.062
2.816,820.062
2.82,1347.562
2.824,2047.938
2.828,2047.938
2.832,1369.938
2.836,813.688
2.84,1317.438
2.844,2047.938
2.848,2047.938
2.852,1407.312
2.856,820.062
2.86,1285.438
2.864,2047.938
2.868,2047.938
2.872,1431.625
2.876,819.188
2.88,1252.938
2.884,2047.938
2.888,2047.938
2.892,1466.938
2.896,827.75
2.9,1227.688
2.904,2047.938
2.908,2047.938
2.912,1494.25
2.916,830.875
2.92,1200.188
2.924,2047.938
2.928,2047.938
2.932,1519.75
2.936,829.75
2.94,1165.625
2.944,2047.938
2.948,2047.938
2.952,1551.312
2.956,840.0
2.96,1147.438
2.964,2047.938
2.968,2047.938
2.972,1587.438
2.976,848.688
2.98,1118.438
2.984,2047.938
2.988,2047.938
2.992,1608.75
2.996,1098.25
3.0,2047.938
3.004,1648.812
3.008,863.688
3.012,1070.5
3.016,2025.875
3.02,2047.938
3.024,1682.188
3.028,882.812
3.032,1057.25
3.036,2002.812
3.04,2047.938
3.044,1705.938
3.048,886.5
3.052,1028.75
3.056,1971.625
3.06,2047.938
3.064,1730.125
3.068,896.812
3.072,1010.625
3.076,1953.375
3.08,2047.938
3.084,1771.75
3.088,916.312
3.092,995.125
3.096,1930.062
3.1,2047.938
3.104,1803.562
3.108,929.875
3.112,1898.312
3.116,1898.312
3.12,2047.938
3.124,1837.062
3.128,953.688
3.132,963.562
3.136,1874.5
3.14,2047.938
3.144,1864.062
3.148,959.875
3.152,937.25
3.156,1839.25
3.16,2047.938
3.164,1889.375
3.168,977.25
3.172,922.938
3.176,1811.125
3.18,2047.938
3.184,1919.0
3.188,995.688
3.192,909.5
3.196,1781.375
3.2,2047.938
3.204,1941.0
3.208,1009.312
3.212,892.625
3.216,1751.375
3.22,2047.938
3.224,1970.5
3.228,1029.375
3.232,882.125
3.236,1724.75
3.24,2047.938
3.244,1998.625
3.248,1046.875
3.252,860.438
3.256,1681.75
3.26,2047.938
3.264,2014.5
3.268,1057.875
3.272,846.688
3.276,1655.438
3.28,2047.938
3.284,2046.0
3.288,1087.312
3.292,843.938
3.296,1625.688
3.3,2047.938
3.304,2047.938
3.308,1110.5
3.312,840.375
3.316,1602.062
3.32,2047.938
3.324,2047.938
3.328,1144.312
3.332,838.125
3.336,1570.375
3.34,2047.938
3.344,2047.938
3.348,1164.875
3.352,826.562
3.356,1533.688
3.36,2047.938
3.364,2047.938
3.368,1188.188
3.372,822.25
3.376,1506.25
3.38,2047.938
3.384,2047.938
3.388,1211.625
3.392,818.0
3.396,1477.562
3.4,2047.938
3.404,2047.938
3.408,1238.75
3.412,813.812
3.416,1446.25
3.42,2047.938
3.424,2047.938
3.428,1269.125
3.432,816.188
3.436,1417.75
3.44,2047.938
3.444,2047.938
3.448,1297.688
3.452,815.5
3.456,1392.188
3.46,2047.938
3.464,2047.938
3.468,1323.312
3.472,808.25
3.476,1350.625
3.48,2047.938
3.484,2047.938
3.488,1339.688
3.492,800.5
3.496,1317.562
3.5,2047.938
3.504,2047.938
3.508,1375.125
3.512,809.75
3.516,1297.312
3.52,2047.938
3.524,2047.938
3.528,1410.062
3.532,815.562
3.536,1269.938
3.54,2047.938
3.544,2047.938
3.548,1444.625
3.552,819.25
3.556,1235.438
3.56,2047.938
3.564,2047.938
3.568,1459.688
3.572,818.375
3.576,1213.688
3.58,2047.938
3.584,2047.938
3.588,1493.812
3.592,1181.0
3.596,2047.938
3.6,2047.938
3.604,1524.125
3.608,827.312
3.612,1150.938
3.616,2047.938
3.62,2047.938
3.624,1555.062
3.628,831.562
3.632,1126.375
3.636,2047.938
3.64,2047.938
3.644,1585.812
3.648,841.875
3.652,1104.125
3.656,2047.938
3.66,2047.938
3.664,1617.188
3.668,854.688
3.672,1085.875
3.676,2037.438
3.68,2047.938
3.684,1647.938
3.688,860.562
3.692,1057.438
3.696,2007.812
3.7,2047.938
3.704,1674.812
3.708,867.0
3.712,1031.688
3.716,1980.875
3.72,2047.938
3.724,1706.688
3.728,879.5
3.732,1011.312
3.736,1960.5
3.74,2047.938
3.744,1749.312
3.748,901.375
3.752,996.375
3.756,1933.125
3.76,2047.938
3.764,1775.062
3.768,913.625
3.772,976.5
3.776,1902.875
3.78,2047.938
3.784,1798.375
3.788,919.25
3.792,955.25
3.796,1878.562
3.8,2047.938
3.804,1830.625
3.808,937.938
3.812,937.188
3.816,1849.188
3.82,2047.938
3.824,1867.375
3.828,961.062
3.832,922.5
3.836,1814.25
3.84,2047.938
3.844,1886.75
3.848,969.5
3.852,902.625
3.856,1785.875
3.86,2047.938
3.864,1919.062
3.868,996.438
3.872,902.125
3.876,1768.812
3.88,2047.938
3.884,1951.625
3.888,1014.375
3.892,882.125
3.896,1733.625
3.9,2047.938
3.904,1973.688
3.908,1022.062
3.912,858.25
3.916,1693.062
3.92,2047.938
3.924,2001.5
3.928,1053.5
3.932,860.812
3.936,1672.75
3.94,2047.938
3.944,2026.312
3.948,1073.125
3.952,848.375
3.956,1643.562
3.96,2047.938
3.964,2047.938
3.968,1093.625
3.972,836.188
3.976,1606.375
3.98,2047.938
3.984,2047.938
3.988,1118.5
3.992,832.438
3.996,1579.312
4.0,1134.188
4.004,1134.188
4.008,818.0
4.012,1548.438
4.016,2047.938
4.02,2047.938
4.024,1167.188
4.028,818.625
4.032,1522.188
4.036,2047.938
4.04,2047.938
4.044,1195.75
4.048,810.812
4.052,1482.375
4.056,2047.938
4.06,2047.938
4.064,1212.25
4.068,805.75
4.072,1454.188
4.076,2047.938
4.08,2047.938
4.084,1237.625
4.088,802.812
4.092,1426.562
4.096,2047.938
4.1,2047.938
4.104,1276.188
4.108,1398.562
4.112,2047.938
4.116,2047.938
4.12,2047.938
4.124,1298.5
4.128,801.062
4.132,1358.188
4.136,2047.938
4.14,2047.938
4.144,1323.312
4.148,799.875
4.152,1333.562
4.156,2047.938
4.16,2047.938
4.164,1359.938
4.168,809.75
4.172,1310.312
4.176,2047.938
4.18,2047.938
4.184,1381.625
4.188,1280.688
4.192,2047.938
4.196,2047.938
4.2,1414.125
4.204,805.312
4.208,1244.25
4.212,2047.938
4.216,2047.938
4.22,1439.0
4.224,810.25
4.228,1221.438
4.232,2047.938
4.236,2047.938
4.24,1468.688
4.244,807.25
4.248,1184.5
4.252,2047.938
4.256,2047.938
4.26,1497.438
4.264,812.875
4.268,1162.0
4.272,2047.938
4.276,2047.938
4.28,1538.125
4.284,833.188
4.288,1148.812
4.292,2047.938
4.296,2047.938
4.3,1563.375
4.304,830.5
4.308,1114.188
4.312,2047.938
4.316,2047.938
4.32,1592.25
4.324,839.688
4.328,1089.938
4.332,2043.5
4.336,2047.938
4.34,1625.188
4.344,850.25
4.348,1064.062
4.352,2014.938
4.356,2047.938
4.36,1658.562
4.364,864.375
4.368,1049.188
4.372,1996.875
4.376,2047.938
4.38,1687.875
4.384,871.938
4.388,1021.062
4.392,1967.75
4.396,2047.938
4.4,1717.625
4.404,880.25
4.408,996.188
4.412,1939.188
4.416,2047.938
4.42,1752.938
4.424,902.5
4.428,987.688
4.432,1921.562
4.436,2047.938
4.44,1787.375
4.444,918.75
4.448,967.312
4.452,1887.688
4.456,2047.938
4.46,1800.062
4.464,915.688
4.468,937.938
4.472,1856.875
4.476,2047.938
4.48,1833.312
4.484,938.75
4.488,929.5
4.492,1836.812
4.496,2047.938
4.5,1867.938
4.504,956.312
4.508,910.875
4.512,1801.0
4.516,2047.938
4.52,1884.062
4.524,965.562
4.528,891.375
4.532,1770.625
4.536,2047.938
4.54,1921.312
4.544,992.0
4.548,885.188
4.552,1748.688
4.556,2047.938
4.56,1946.312
4.564,1006.625
4.568,866.125
4.572,1711.062
4.576,2047.938
4.58,1975.875
4.584,1029.5
4.588,856.125
4.592,1682.438
4.596,2047.938
4.6,2000.625
4.604,1051.625
4.608,847.562
4.612,1653.438
4.616,2047.938
4.62,2028.562
4.624,1071.0
4.628,828.812
4.632,1611.438
4.636,2047.938
4.64,2047.938
4.644,1096.625
4.648,1593.688
4.652,1593.688
4.656,2047.938
4.66,2047.938
4.664,1117.0
4.668,821.375
4.672,1564.812
4.676,2047.938
4.68,2047.938
4.684,1141.25
4.688,815.562
4.692,1535.25
4.696,2047.938
4.7,2047.938
4.704,1166.812
4.708,809.812
4.712,1502.438
4.716,2047.938
4.72,2047.938
4.724,1196.75
4.728,811.188
4.732,1475.062
4.736,2047.938
4.74,2047.938
4.744,1213.125
4.748,797.312
4.752,1440.0
4.756,2047.938
4.76,2047.938
4.764,1242.125
4.768,797.125
4.772,1410.938
4.776,2047.938
4.78,2047.938
4.784,1268.5
4.788,1375.062
4.792,2047.938
4.796,2047.938
4.8,1298.688
4.804,797.5
4.808,1356.375
4.812,2047.938
4.816,2047.938
4.82,1333.938
4.824,805.5
4.828,1330.062
4.832,2047.938
4.836,2047.938
4.84,1350.875
4.844,788.188
4.848,1282.25
4.852,2047.938
4.856,2047.938
4.86,1382.938
4.864,794.25
4.868,1258.562
4.872,2047.938
4.876,2047.938
4.88,1412.0
4.884,795.812
4.888,1228.75
4.892,2047.938
4.896,2047.938
4.9,1450.938
4.904,816.75
4.908,1217.875
4.912,2047.938
4.916,2047.938
4.92,1491.875
4.924,826.625
4.928,1194.375
4.932,2047.938
4.936,2047.938
4.94,1518.312
4.944,826.562
4.948,1161.875
4.952,2047.938
4.956,2047.938
4.96,1549.188
4.964,834.812
4.968,1133.562
4.972,2047.938
4.976,2047.938
4.98,1573.188
4.984,835.562
4.988,1103.438
4.992,2047.938
4.996,2047.938
5.0,1630.125
5.004,1630.125
5.008,850.625
5.012,1057.625
5.016,2007.812
5.02,2047.938
5.024,1660.812
5.028,863.5
5.032,1039.188
5.036,1989.5
5.04,2047.938
5.044,1696.312
5.048,874.812
5.052,1013.25
5.056,1957.25
5.06,2047.938
5.064,1725.938
5.068,888.0
5.072,996.75
5.076,1936.562
5.08,2047.938
5.084,1752.938
5.088,893.812
5.092,1912.062
5.096,1912.062
5.1,2047.938
5.104,1791.938
5.108,920.5
5.112,963.688
5.116,1881.938
5.12,2047.938
5.124,1812.438
5.128,927.375
5.132,936.438
5.136,1847.938
5.14,2047.938
5.144,1847.812
5.148,947.25
5.152,925.062
5.156,1824.812
5.16,2047.938
5.164,1872.562
5.168,961.812
5.172,909.375
5.176,1796.0
5.18,2047.938
5.184,1900.938
5.188,981.688
5.192,896.438
5.196,1770.438
5.2,2047.938
5.204,1934.25
5.208,1001.5
5.212,885.375
5.216,1743.062
5.22,2047.938
5.224,1962.562
5.228,1020.625
5.232,870.562
5.236,1710.125
5.24,2047.938
5.244,1988.875
5.248,1039.562
5.252,859.0
5.256,1684.375
5.26,2047.938
5.264,2014.875
5.268,1057.938
5.272,844.438
5.276,1649.5
5.28,2047.938
5.284,2043.25
5.288,1088.125
5.292,843.375
5.296,1621.0
5.3,2047.938
5.304,2047.938
5.308,1105.375
5.312,836.125
5.316,1594.875
5.32,2047.938
5.324,2047.938
5.328,1126.438
5.332,818.688
5.336,1556.938
5.34,2047.938
5.344,2047.938
5.348,1156.938
5.352,819.75
5.356,1528.312
5.36,2047.938
5.364,2047.938
5.368,1174.125
5.372,1490.938
5.376,2047.938
5.38,2047.938
5.384,1189.438
5.388,795.875
5.392,1458.688
5.396,2047.938
5.4,2047.938
5.404,1223.75
5.408,794.125
5.412,1423.562
5.416,2047.938
5.42,2047.938
5.424,1245.812
5.428,790.812
5.432,1396.688
5.436,2047.938
5.44,2047.938
5.444,1281.062
5.448,797.0
5.452,1372.25
5.456,2047.938
5.46,2047.938
5.464,1310.625
5.468,796.188
5.472,1342.5
5.476,2047.938
5.48,2047.938
5.484,1335.25
5.488,795.062
5.492,1309.812
5.496,2047.938
5.5,2047.938
5.504,1363.812
5.508,797.312
5.512,1284.812
5.516,2047.938
5.52,2047.938
5.524,1404.188
5.528,808.812
5.532,1262.312
5.536,2047.938
5.54,2047.938
5.544,1431.688
5.548,809.062
5.552,1231.75
5.556,2047.938
5.56,2047.938
5.564,1472.0
5.568,819.375
5.572,1201.75
5.576,2047.938
5.58,2047.938
5.584,1482.812
5.588,814.438
5.592,1176.812
5.596,2047.938
5.6,2047.938
5.604,1513.062
5.608,817.938
5.612,1144.562
5.616,2047.938
5.62,2047.938
5.624,1542.562
5.628,827.562
5.632,1125.125
5.636,2047.938
5.64,2047.938
5.644,1575.188
5.648,832.25
5.652,1096.625
5.656,2047.938
5.66,2047.938
5.664,1603.5
5.668,838.25
5.672,1069.938
5.676,2023.875
5.68,2047.938
5.684,1636.562
5.688,848.312
5.692,1044.688
5.696,1994.438
5.7,2047.938
5.704,1667.125
5.708,862.75
5.712,1025.312
5.716,1971.625
5.72,2047.938
5.724,1693.75
5.728,867.938
5.732,1003.25
5.736,1950.25
5.74,2047.938
5.744,1731.75
5.748,888.125
5.752,985.812
5.756,1924.0
5.76,2047.938
5.764,1763.312
5.768,900.938
5.772,967.562
5.776,1899.25
5.78,2047.938
5.784,1792.812
5.788,912.125
5.792,942.625
5.796,1864.125
5.8,2047.938
5.804,1825.812
5.808,938.0
5.812,937.75
5.816,1841.562
5.82,2047.938
5.824,1851.875
5.828,947.438
5.832,913.875
5.836,1808.562
5.84,2047.938
5.844,1877.188
5.848,962.25
5.852,898.438
5.856,1781.562
5.86,2047.938
5.864,1909.188
5.868,983.938
5.872,887.062
5.876,1753.688
5.88,2047.938
5.884,1931.688
5.888,995.688
5.892,868.688
5.896,1721.5
5.9,2047.938
5.904,1963.375
5.908,1017.375
5.912,856.562
5.916,1690.562
5.92,2047.938
5.924,1993.625
5.928,1045.562
5.932,852.25
5.936,1667.125
5.94,2047.938
5.944,2010.5
5.948,1057.438
5.952,837.25
5.956,1634.062
5.96,2041.5
5.964,2041.5
5.968,1088.125
5.972,1612.75
5.976,2047.938
5.98,2047.938
5.984,1104.625
